Number,Name,Email,Date
1,Patrick Murray,patrick_murray@gmail.com,1986-02-16 01:50:43
2,Philomena Buggs,philomena_buggs@gmail.com,1983-02-16 01:50:43
3,Cornell Obrien,cornell_obrien@gmail.com,1990-02-16 01:50:43
4,Henry Ables,henry_ables@gmail.com,1985-02-16 01:50:43
5,Neil Burkett,neil_burkett@gmail.com,1985-02-16 01:50:43
6,Dana Washington,dana_washington@gmail.com,1982-02-16 01:50:43
7,Katherine Wolfrum,katherine_wolfrum@gmail.com,1989-02-16 01:50:43
8,Avis Johnson,avis_johnson@gmail.com,1981-02-16 01:50:43
9,Christine Dahl,christine_dahl@gmail.com,1980-02-16 01:50:43
10,Suzanne Diehl,suzanne_diehl@gmail.com,1984-02-16 01:50:43
11,Bonnie Nash,bonnie_nash@gmail.com,1981-02-16 01:50:43
12,Autumn Bobrow,autumn_bobrow@gmail.com,1986-02-16 01:50:43
13,Crystal Lancaster,crystal_lancaster@gmail.com,1982-02-16 01:50:43
14,Larry Bowler,larry_bowler@gmail.com,1988-02-16 01:50:43
15,George Murelli,george_murelli@gmail.com,1990-02-16 01:50:43
16,Stella Lynn,stella_lynn@gmail.com,1980-02-16 01:50:43
17,Joe Bean,joe_bean@gmail.com,1984-02-16 01:50:43
18,John Henderson,john_henderson@gmail.com,1987-02-16 01:50:43
19,Carolyn Hollis,carolyn_hollis@gmail.com,1986-02-16 01:50:43
20,Dave Gulley,dave_gulley@gmail.com,1985-02-16 01:50:43
21,Ann Janak,ann_janak@gmail.com,1981-02-16 01:50:43
22,Ericka Robinson,ericka_robinson@gmail.com,1988-02-16 01:50:43
23,Georgina Wood,georgina_wood@gmail.com,1985-02-16 01:50:43
24,Kevin Barile,kevin_barile@gmail.com,1987-02-16 01:50:43
25,Herman Lynn,herman_lynn@gmail.com,1987-02-16 01:50:43
26,Veronica Taul,veronica_taul@gmail.com,1983-02-16 01:50:43
27,Norman Murray,norman_murray@gmail.com,1983-02-16 01:50:43
28,Jeanette Partee,jeanette_partee@gmail.com,1988-02-16 01:50:43
29,Judy Emery,judy_emery@gmail.com,1980-02-16 01:50:43
30,Paula Feliciano,paula_feliciano@gmail.com,1988-02-16 01:50:43
31,Steven Shaw,steven_shaw@gmail.com,1981-02-16 01:50:43
32,Susan Petrie,susan_petrie@gmail.com,1988-02-16 01:50:43
33,David Irwin,david_irwin@gmail.com,1987-02-16 01:50:43
34,Sandra Sewell,sandra_sewell@gmail.com,1980-02-16 01:50:43
35,Terri Cresswell,terri_cresswell@gmail.com,1982-02-16 01:50:43
36,Amy Dewees,amy_dewees@gmail.com,1987-02-16 01:50:43
37,Kerry Rodriguez,kerry_rodriguez@gmail.com,1988-02-16 01:50:43
38,Darren Uttley,darren_uttley@gmail.com,1990-02-16 01:50:43
39,Tony Phelps,tony_phelps@gmail.com,1986-02-16 01:50:43
40,Jessica Mullins,jessica_mullins@gmail.com,1980-02-16 01:50:43
41,Molly Vanzant,molly_vanzant@gmail.com,1981-02-16 01:50:43
42,Howard Sanges,howard_sanges@gmail.com,1983-02-16 01:50:43
43,Ilene Ramos,ilene_ramos@gmail.com,1981-02-16 01:50:43
44,Jennifer Held,jennifer_held@gmail.com,1982-02-16 01:50:43
45,Eldridge Mason,eldridge_mason@gmail.com,1989-02-16 01:50:43
46,Herman Feldman,herman_feldman@gmail.com,1983-02-16 01:50:43
47,Brian Yung,brian_yung@gmail.com,1980-02-16 01:50:43
48,Tim Canter,tim_canter@gmail.com,1980-02-16 01:50:43
49,Janene Graham,janene_graham@gmail.com,1985-02-16 01:50:43
50,Lawrence Pies,lawrence_pies@gmail.com,1982-02-16 01:50:43
51,Joseph Johnson,joseph_johnson@gmail.com,1995-02-16 01:50:43
52,George Bryant,george_bryant@gmail.com,1995-02-16 01:50:43
53,Maria Ramirez,maria_ramirez@gmail.com,2000-02-16 01:50:43
54,Denise Golan,denise_golan@gmail.com,1996-02-16 01:50:43
55,Guadalupe Odonnell,guadalupe_odonnell@gmail.com,1997-02-16 01:50:43
56,Martin Hemphill,martin_hemphill@gmail.com,1999-02-16 01:50:43
57,Jerome Turner,jerome_turner@gmail.com,1996-02-16 01:50:43
58,Brandon Pierce,brandon_pierce@gmail.com,1992-02-16 01:50:43
59,Trenton Cadena,trenton_cadena@gmail.com,1996-02-16 01:50:43
60,Edward Mcgaha,edward_mcgaha@gmail.com,1993-02-16 01:50:43
61,Sara Mathews,sara_mathews@gmail.com,1995-02-16 01:50:43
62,Paul Byerly,paul_byerly@gmail.com,1995-02-16 01:50:43
63,Clarence Overton,clarence_overton@gmail.com,1994-02-16 01:50:43
64,Ashley Addison,ashley_addison@gmail.com,1991-02-16 01:50:43
65,Walter Griffin,walter_griffin@gmail.com,1992-02-16 01:50:43
66,James Rowland,james_rowland@gmail.com,1999-02-16 01:50:43
67,Hector Gilman,hector_gilman@gmail.com,1995-02-16 01:50:43
68,Felicia Sotelo,felicia_sotelo@gmail.com,1993-02-16 01:50:43
69,Greg Biller,greg_biller@gmail.com,1994-02-16 01:50:43
70,John Cruz,john_cruz@gmail.com,1995-02-16 01:50:43
71,John Robinson,john_robinson@gmail.com,1992-02-16 01:50:43
72,Ginger Urie,ginger_urie@gmail.com,1993-02-16 01:50:43
73,Ruth Koon,ruth_koon@gmail.com,2000-02-16 01:50:43
74,Stephanie Pittman,stephanie_pittman@gmail.com,1997-02-16 01:50:43
75,Esther Turley,esther_turley@gmail.com,1996-02-16 01:50:43
76,Desmond Solis,desmond_solis@gmail.com,1999-02-16 01:50:43
77,Ivan Murdock,ivan_murdock@gmail.com,1999-02-16 01:50:43
78,Michael Haifley,michael_haifley@gmail.com,1998-02-16 01:50:43
79,Gina Notti,gina_notti@gmail.com,1991-02-16 01:50:43
80,Jason Zeller,jason_zeller@gmail.com,1996-02-16 01:50:43
81,Margaret Dark,margaret_dark@gmail.com,2000-02-16 01:50:43
82,Ashley Holling,ashley_holling@gmail.com,1997-02-16 01:50:43
83,Megan Moorhead,megan_moorhead@gmail.com,2000-02-16 01:50:43
84,David Mendez,david_mendez@gmail.com,2000-02-16 01:50:43
85,Marc Huber,marc_huber@gmail.com,1998-02-16 01:50:43
86,Logan True,logan_true@gmail.com,1998-02-16 01:50:43
87,Albert Davis,albert_davis@gmail.com,1999-02-16 01:50:43
88,Michael Holland,michael_holland@gmail.com,1992-02-16 01:50:43
89,Martin Vaccaro,martin_vaccaro@gmail.com,1996-02-16 01:50:43
90,George Boswell,george_boswell@gmail.com,1998-02-16 01:50:43
91,Danny Carper,danny_carper@gmail.com,1993-02-16 01:50:43
92,Stephen Weimar,stephen_weimar@gmail.com,1997-02-16 01:50:43
93,Colleen Henson,colleen_henson@gmail.com,1996-02-16 01:50:43
94,Richard Riley,richard_riley@gmail.com,1993-02-16 01:50:43
95,John Gero,john_gero@gmail.com,1994-02-16 01:50:43
96,Mary Mcgee,mary_mcgee@gmail.com,1992-02-16 01:50:43
97,Debbie Hendricks,debbie_hendricks@gmail.com,1993-02-16 01:50:43
98,Cindy Hargrove,cindy_hargrove@gmail.com,1996-02-16 01:50:43
99,Helen Mancuso,helen_mancuso@gmail.com,1996-02-16 01:50:43
100,Jay Walton,jay_walton@gmail.com,1998-02-16 01:50:43
101,Andy Kline,andy_kline@gmail.com,1996-02-16 01:50:43
102,Cliff Miller,cliff_miller@gmail.com,1999-02-16 01:50:43
103,Gary Blaise,gary_blaise@gmail.com,2000-02-16 01:50:43
104,Elaine Renzi,elaine_renzi@gmail.com,1996-02-16 01:50:43
105,Cesar Herrera,cesar_herrera@gmail.com,2000-02-16 01:50:43
106,Kenneth Shipley,kenneth_shipley@gmail.com,1997-02-16 01:50:43
107,Lewis Kramer,lewis_kramer@gmail.com,1997-02-16 01:50:43
108,Faye Byram,faye_byram@gmail.com,1997-02-16 01:50:43
109,Juliette Pino,juliette_pino@gmail.com,1996-02-16 01:50:43
110,Chad King,chad_king@gmail.com,1999-02-16 01:50:43
111,Mildred Fuller,mildred_fuller@gmail.com,1999-02-16 01:50:43
112,Ramiro Stacy,ramiro_stacy@gmail.com,1995-02-16 01:50:43
113,James Thoren,james_thoren@gmail.com,1997-02-16 01:50:43
114,Susan Mannon,susan_mannon@gmail.com,1996-02-16 01:50:43
115,Robert Karl,robert_karl@gmail.com,1995-02-16 01:50:43
116,Lori Mangino,lori_mangino@gmail.com,1998-02-16 01:50:43
117,Ferdinand Puff,ferdinand_puff@gmail.com,1994-02-16 01:50:43
118,Garnett Woods,garnett_woods@gmail.com,1997-02-16 01:50:43
119,Donald Moore,donald_moore@gmail.com,1996-02-16 01:50:43
120,Nola Heckman,nola_heckman@gmail.com,1995-02-16 01:50:43
121,Rosie Segarra,rosie_segarra@gmail.com,1993-02-16 01:50:43
122,Hildegard Miller,hildegard_miller@gmail.com,1992-02-16 01:50:43
123,John Loughner,john_loughner@gmail.com,1997-02-16 01:50:43
124,Thomas Montgomery,thomas_montgomery@gmail.com,1999-02-16 01:50:43
125,Jeffrey Singletary,jeffrey_singletary@gmail.com,1996-02-16 01:50:43
126,Travis Sloan,travis_sloan@gmail.com,1999-02-16 01:50:43
127,Margaret Smith,margaret_smith@gmail.com,1992-02-16 01:50:43
128,Nathanial Martinez,nathanial_martinez@gmail.com,1998-02-16 01:50:43
129,Helen Flores,helen_flores@gmail.com,1998-02-16 01:50:43
130,Donald Blank,donald_blank@gmail.com,1993-02-16 01:50:43
131,Nancy Gardner,nancy_gardner@gmail.com,1991-02-16 01:50:43
132,Estelle Lopez,estelle_lopez@gmail.com,1996-02-16 01:50:43
133,Demetria Riddle,demetria_riddle@gmail.com,1993-02-16 01:50:43
134,William Behr,william_behr@gmail.com,1995-02-16 01:50:43
135,Edward Purnell,edward_purnell@gmail.com,1996-02-16 01:50:43
136,Trinity Smith,trinity_smith@gmail.com,1992-02-16 01:50:43
137,Justin Hatcher,justin_hatcher@gmail.com,1995-02-16 01:50:43
138,Michael Hooper,michael_hooper@gmail.com,1995-02-16 01:50:43
139,Joan Straus,joan_straus@gmail.com,1995-02-16 01:50:43
140,Jocelyn Flores,jocelyn_flores@gmail.com,1994-02-16 01:50:43
141,Helen Read,helen_read@gmail.com,1998-02-16 01:50:43
142,Richard Garcia,richard_garcia@gmail.com,1994-02-16 01:50:43
143,Monica Madden,monica_madden@gmail.com,1997-02-16 01:50:43
144,Gloria Nikolic,gloria_nikolic@gmail.com,1999-02-16 01:50:43
145,Andrew Jones,andrew_jones@gmail.com,1996-02-16 01:50:43
146,Audrey Smith,audrey_smith@gmail.com,1997-02-16 01:50:43
147,Cecilia Park,cecilia_park@gmail.com,1994-02-16 01:50:43
148,Amber Roberts,amber_roberts@gmail.com,1996-02-16 01:50:43
149,Ann Zach,ann_zach@gmail.com,1994-02-16 01:50:43
150,Charlotte Boyle,charlotte_boyle@gmail.com,1993-02-16 01:50:43
151,Shane Trevino,shane_trevino@gmail.com,2004-02-16 01:50:43
152,Daniel Flores,daniel_flores@gmail.com,2002-02-16 01:50:43
153,Judith Wolf,judith_wolf@gmail.com,2004-02-16 01:50:43
154,Karen Wagner,karen_wagner@gmail.com,2002-02-16 01:50:43
155,Rae Coleman,rae_coleman@gmail.com,2004-02-16 01:50:43
156,Lloyd Jones,lloyd_jones@gmail.com,2008-02-16 01:50:43
157,Laura Swift,laura_swift@gmail.com,2007-02-16 01:50:43
158,Robin Mrotek,robin_mrotek@gmail.com,2010-02-16 01:50:43
159,Connie Anderson,connie_anderson@gmail.com,2004-02-16 01:50:43
160,Norman Schumacher,norman_schumacher@gmail.com,2008-02-16 01:50:43
161,Michael Krause,michael_krause@gmail.com,2009-02-16 01:50:43
162,Lizzie Tilson,lizzie_tilson@gmail.com,2006-02-16 01:50:43
163,Corinne Cash,corinne_cash@gmail.com,2006-02-16 01:50:43
164,Sondra Younts,sondra_younts@gmail.com,2004-02-16 01:50:43
165,Edna Jett,edna_jett@gmail.com,2004-02-16 01:50:43
166,Edward Luna,edward_luna@gmail.com,2010-02-16 01:50:43
167,Stacie Hill,stacie_hill@gmail.com,2010-02-16 01:50:43
168,Katherine Ward,katherine_ward@gmail.com,2001-02-16 01:50:43
169,Frank Bison,frank_bison@gmail.com,2007-02-16 01:50:43
170,Laura Brugger,laura_brugger@gmail.com,2009-02-16 01:50:43
171,Jonathan Parr,jonathan_parr@gmail.com,2010-02-16 01:50:43
172,Jon Goad,jon_goad@gmail.com,2004-02-16 01:50:43
173,Luz Acevedo,luz_acevedo@gmail.com,2005-02-16 01:50:43
174,Jacqueline Benedetto,jacqueline_benedetto@gmail.com,2007-02-16 01:50:43
175,Maria Cavaretta,maria_cavaretta@gmail.com,2003-02-16 01:50:43
176,Jack Obrien,jack_obrien@gmail.com,2002-02-16 01:50:43
177,John Holcombe,john_holcombe@gmail.com,2006-02-16 01:50:43
178,Alexander Washburn,alexander_washburn@gmail.com,2002-02-16 01:50:43
179,Michael Scarlett,michael_scarlett@gmail.com,2010-02-16 01:50:43
180,Jerome Anderson,jerome_anderson@gmail.com,2002-02-16 01:50:43
181,Julie Thomas,julie_thomas@gmail.com,2005-02-16 01:50:43
182,Jessi Ybarra,jessi_ybarra@gmail.com,2001-02-16 01:50:43
183,Louie Nelson,louie_nelson@gmail.com,2001-02-16 01:50:43
184,Mary Fonua,mary_fonua@gmail.com,2001-02-16 01:50:43
185,Beatrice Mai,beatrice_mai@gmail.com,2010-02-16 01:50:43
186,Curtis Wilson,curtis_wilson@gmail.com,2004-02-16 01:50:43
187,Erma Gifford,erma_gifford@gmail.com,2002-02-16 01:50:43
188,Richard Nicholas,richard_nicholas@gmail.com,2010-02-16 01:50:43
189,Kelly Samples,kelly_samples@gmail.com,2007-02-16 01:50:43
190,Krystal Scharich,krystal_scharich@gmail.com,2008-02-16 01:50:43
191,Andrew Petty,andrew_petty@gmail.com,2004-02-16 01:50:43
192,Bruce Bell,bruce_bell@gmail.com,2006-02-16 01:50:43
193,Angela Witters,angela_witters@gmail.com,2004-02-16 01:50:43
194,Patricia Raisley,patricia_raisley@gmail.com,2004-02-16 01:50:43
195,Janice Hosley,janice_hosley@gmail.com,2007-02-16 01:50:43
196,Louis Svoboda,louis_svoboda@gmail.com,2007-02-16 01:50:43
197,Sandra Quadnau,sandra_quadnau@gmail.com,2002-02-16 01:50:43
198,Christopher Depalma,christopher_depalma@gmail.com,2009-02-16 01:50:43
199,James Mottillo,james_mottillo@gmail.com,2009-02-16 01:50:43
200,Joe Jaskolski,joe_jaskolski@gmail.com,2007-02-16 01:50:43
201,Leon Cain,leon_cain@gmail.com,2001-02-16 01:50:43
202,Nicole Dietrich,nicole_dietrich@gmail.com,2003-02-16 01:50:43
203,Clarence Walz,clarence_walz@gmail.com,2007-02-16 01:50:43
204,Carol Zhao,carol_zhao@gmail.com,2005-02-16 01:50:43
205,Nicole Mellerson,nicole_mellerson@gmail.com,2006-02-16 01:50:43
206,Wilburn Nelson,wilburn_nelson@gmail.com,2001-02-16 01:50:43
207,Jake Sanders,jake_sanders@gmail.com,2001-02-16 01:50:43
208,Kristy Musgrove,kristy_musgrove@gmail.com,2002-02-16 01:50:43
209,Diane Field,diane_field@gmail.com,2002-02-16 01:50:43
210,Robert Dickey,robert_dickey@gmail.com,2005-02-16 01:50:43
211,Latonya Weaver,latonya_weaver@gmail.com,2004-02-16 01:50:43
212,Richard Basel,richard_basel@gmail.com,2003-02-16 01:50:43
213,John Sergio,john_sergio@gmail.com,2002-02-16 01:50:43
214,Larry Lieberman,larry_lieberman@gmail.com,2006-02-16 01:50:43
215,Michelle Hook,michelle_hook@gmail.com,2007-02-16 01:50:43
216,Mary Kee,mary_kee@gmail.com,2009-02-16 01:50:43
217,James Holland,james_holland@gmail.com,2005-02-16 01:50:43
218,Robert Cramer,robert_cramer@gmail.com,2006-02-16 01:50:43
219,Eddie Ortiz,eddie_ortiz@gmail.com,2001-02-16 01:50:43
220,Michael Carlson,michael_carlson@gmail.com,2008-02-16 01:50:43
221,Kyle Cullen,kyle_cullen@gmail.com,2007-02-16 01:50:43
222,Donald Mauro,donald_mauro@gmail.com,2010-02-16 01:50:43
223,Carolyn Rodriguez,carolyn_rodriguez@gmail.com,2002-02-16 01:50:43
224,John Smith,john_smith@gmail.com,2007-02-16 01:50:43
225,Eric Strickland,eric_strickland@gmail.com,2004-02-16 01:50:43
226,Deborah Hill,deborah_hill@gmail.com,2010-02-16 01:50:43
227,Irene Edwards,irene_edwards@gmail.com,2007-02-16 01:50:43
228,Ronald Wagaman,ronald_wagaman@gmail.com,2010-02-16 01:50:43
229,Sonia Stroh,sonia_stroh@gmail.com,2001-02-16 01:50:43
230,Dylan Robinson,dylan_robinson@gmail.com,2009-02-16 01:50:43
231,Carolyn Kingston,carolyn_kingston@gmail.com,2001-02-16 01:50:43
232,Roberta Cherry,roberta_cherry@gmail.com,2005-02-16 01:50:43
233,Joseph Cox,joseph_cox@gmail.com,2009-02-16 01:50:43
234,Cori Williams,cori_williams@gmail.com,2006-02-16 01:50:43
235,Denise Laxson,denise_laxson@gmail.com,2004-02-16 01:50:43
236,Regina Lucas,regina_lucas@gmail.com,2007-02-16 01:50:43
237,Charles Kopicko,charles_kopicko@gmail.com,2008-02-16 01:50:43
238,Ken Kipping,ken_kipping@gmail.com,2006-02-16 01:50:43
239,Genia Tanner,genia_tanner@gmail.com,2005-02-16 01:50:43
240,Nathan Riley,nathan_riley@gmail.com,2004-02-16 01:50:43
241,Raleigh Erhardt,raleigh_erhardt@gmail.com,2006-02-16 01:50:43
242,Kelly Ojeda,kelly_ojeda@gmail.com,2007-02-16 01:50:43
243,Bridgette Johnston,bridgette_johnston@gmail.com,2007-02-16 01:50:43
244,Julie Lansdell,julie_lansdell@gmail.com,2007-02-16 01:50:43
245,Angela Laird,angela_laird@gmail.com,2006-02-16 01:50:43
246,Pamela Davis,pamela_davis@gmail.com,2003-02-16 01:50:43
247,William Smith,william_smith@gmail.com,2001-02-16 01:50:43
248,Sally Kurian,sally_kurian@gmail.com,2008-02-16 01:50:43
249,Katherine Woodson,katherine_woodson@gmail.com,2001-02-16 01:50:43
250,Tyler Teich,tyler_teich@gmail.com,2010-02-16 01:50:43
251,Charles Phillip,charles_phillip@gmail.com,2001-02-16 01:50:43
252,Drew Orlando,drew_orlando@gmail.com,2004-02-16 01:50:43
253,Teresa Stone,teresa_stone@gmail.com,2009-02-16 01:50:43
254,Lillian Peterson,lillian_peterson@gmail.com,2001-02-16 01:50:43
255,Darryl Hall,darryl_hall@gmail.com,2006-02-16 01:50:43
256,Christina Johnson,christina_johnson@gmail.com,2007-02-16 01:50:43
257,Ross Locklear,ross_locklear@gmail.com,2002-02-16 01:50:43
258,Betty Charron,betty_charron@gmail.com,2008-02-16 01:50:43
259,Patricia Englehardt,patricia_englehardt@gmail.com,2005-02-16 01:50:43
260,Theodore Brennan,theodore_brennan@gmail.com,2003-02-16 01:50:43
261,Diana Atkeson,diana_atkeson@gmail.com,2009-02-16 01:50:43
262,Nora Mackson,nora_mackson@gmail.com,2001-02-16 01:50:43
263,Reggie Strasser,reggie_strasser@gmail.com,2005-02-16 01:50:43
264,Lee Jackson,lee_jackson@gmail.com,2010-02-16 01:50:43
265,Richard Brown,richard_brown@gmail.com,2008-02-16 01:50:43
266,Ashley Guzman,ashley_guzman@gmail.com,2001-02-16 01:50:43
267,Wanda Lheureux,wanda_lheureux@gmail.com,2001-02-16 01:50:43
268,Roland Waters,roland_waters@gmail.com,2007-02-16 01:50:43
269,Autumn Brevig,autumn_brevig@gmail.com,2004-02-16 01:50:43
270,Elizabeth Gonzales,elizabeth_gonzales@gmail.com,2004-02-16 01:50:43
271,Nichole Obermiller,nichole_obermiller@gmail.com,2006-02-16 01:50:43
272,Joanne Luna,joanne_luna@gmail.com,2004-02-16 01:50:43
273,John Gonzalez,john_gonzalez@gmail.com,2006-02-16 01:50:43
274,Clement Barry,clement_barry@gmail.com,2004-02-16 01:50:43
275,David Clarke,david_clarke@gmail.com,2002-02-16 01:50:43
276,Mark Weathers,mark_weathers@gmail.com,2006-02-16 01:50:43
277,Peter Smith,peter_smith@gmail.com,2008-02-16 01:50:43
278,Joshua Zimmerman,joshua_zimmerman@gmail.com,2002-02-16 01:50:43
279,Rachael Groves,rachael_groves@gmail.com,2003-02-16 01:50:43
280,Charles Dominguez,charles_dominguez@gmail.com,2002-02-16 01:50:43
281,William Justice,william_justice@gmail.com,2001-02-16 01:50:43
282,Sonya Coronado,sonya_coronado@gmail.com,2004-02-16 01:50:43
283,Sandra Lee,sandra_lee@gmail.com,2004-02-16 01:50:43
284,Laura Foster,laura_foster@gmail.com,2005-02-16 01:50:43
285,Sallie Brown,sallie_brown@gmail.com,2002-02-16 01:50:43
286,Brian Harrigan,brian_harrigan@gmail.com,2004-02-16 01:50:43
287,Joseph Spence,joseph_spence@gmail.com,2008-02-16 01:50:43
288,Kenneth Bullard,kenneth_bullard@gmail.com,2003-02-16 01:50:43
289,Vernice Rego,vernice_rego@gmail.com,2010-02-16 01:50:43
290,Bill Hasson,bill_hasson@gmail.com,2006-02-16 01:50:43
291,Joshua Canterbury,joshua_canterbury@gmail.com,2006-02-16 01:50:43
292,Hope Mccord,hope_mccord@gmail.com,2008-02-16 01:50:43
293,Betty Demarais,betty_demarais@gmail.com,2001-02-16 01:50:43
294,Paul Gonzalez,paul_gonzalez@gmail.com,2007-02-16 01:50:43
295,Marvin Northern,marvin_northern@gmail.com,2001-02-16 01:50:43
296,Steve Buffington,steve_buffington@gmail.com,2005-02-16 01:50:43
297,Delores Blalock,delores_blalock@gmail.com,2002-02-16 01:50:43
298,Connie Mcgregor,connie_mcgregor@gmail.com,2005-02-16 01:50:43
299,Marcus Hendricks,marcus_hendricks@gmail.com,2001-02-16 01:50:43
300,Summer Brown,summer_brown@gmail.com,2004-02-16 01:50:43
301,Donald Broughton,donald_broughton@gmail.com,2013-02-16 01:50:43
302,Hollie Ray,hollie_ray@gmail.com,2017-02-16 01:50:43
303,Michael Nisbett,michael_nisbett@gmail.com,2012-02-16 01:50:43
304,Julie Wright,julie_wright@gmail.com,2018-02-16 01:50:43
305,Rachel Mcwilliams,rachel_mcwilliams@gmail.com,2011-02-16 01:50:43
306,Patrick Rivas,patrick_rivas@gmail.com,2017-02-16 01:50:43
307,Erin Bjorklund,erin_bjorklund@gmail.com,2016-02-16 01:50:43
308,Lavette Porter,lavette_porter@gmail.com,2018-02-16 01:50:43
309,Alexander Schwartz,alexander_schwartz@gmail.com,2019-02-16 01:50:43
310,James Mann,james_mann@gmail.com,2012-02-16 01:50:43
311,John Chavez,john_chavez@gmail.com,2015-02-16 01:50:43
312,Daniel Palermo,daniel_palermo@gmail.com,2017-02-16 01:50:43
313,Travis Klein,travis_klein@gmail.com,2019-02-16 01:50:43
314,Sarah Griffin,sarah_griffin@gmail.com,2020-02-16 01:50:43
315,Jeffery Hernandez,jeffery_hernandez@gmail.com,2013-02-16 01:50:43
316,Fredric Frazier,fredric_frazier@gmail.com,2018-02-16 01:50:43
317,Carol Minder,carol_minder@gmail.com,2014-02-16 01:50:43
318,Michael Roberts,michael_roberts@gmail.com,2020-02-16 01:50:43
319,Samuel Kibby,samuel_kibby@gmail.com,2016-02-16 01:50:43
320,William Owsley,william_owsley@gmail.com,2011-02-16 01:50:43
321,Lorenzo Mcintosh,lorenzo_mcintosh@gmail.com,2011-02-16 01:50:43
322,Robert Kilgore,robert_kilgore@gmail.com,2011-02-16 01:50:43
323,Patricia Magers,patricia_magers@gmail.com,2021-02-16 01:50:43
324,Linda Budde,linda_budde@gmail.com,2013-02-16 01:50:43
325,Christine Fromm,christine_fromm@gmail.com,2015-02-16 01:50:43
326,Donald Leslie,donald_leslie@gmail.com,2011-02-16 01:50:43
327,John Evens,john_evens@gmail.com,2017-02-16 01:50:43
328,Veronika Hale,veronika_hale@gmail.com,2013-02-16 01:50:43
329,Tara Mannings,tara_mannings@gmail.com,2020-02-16 01:50:43
330,Henry Stassi,henry_stassi@gmail.com,2019-02-16 01:50:43
331,Marisol Griffey,marisol_griffey@gmail.com,2019-02-16 01:50:43
332,Willie Dover,willie_dover@gmail.com,2015-02-16 01:50:43
333,George Azar,george_azar@gmail.com,2019-02-16 01:50:43
334,James Godbold,james_godbold@gmail.com,2019-02-16 01:50:43
335,Mitchell Catano,mitchell_catano@gmail.com,2015-02-16 01:50:43
336,Cynthia Kallas,cynthia_kallas@gmail.com,2014-02-16 01:50:43
337,Melissa Meadows,melissa_meadows@gmail.com,2014-02-16 01:50:43
338,Avelina Lang,avelina_lang@gmail.com,2017-02-16 01:50:43
339,Latisha Kipp,latisha_kipp@gmail.com,2015-02-16 01:50:43
340,Mark Mcneil,mark_mcneil@gmail.com,2014-02-16 01:50:43
341,June Martinez,june_martinez@gmail.com,2021-02-16 01:50:43
342,Howard Gaska,howard_gaska@gmail.com,2020-02-16 01:50:43
343,Caryn Barraclough,caryn_barraclough@gmail.com,2020-02-16 01:50:43
344,Tina Bailey,tina_bailey@gmail.com,2015-02-16 01:50:43
345,Tamika Darrigo,tamika_darrigo@gmail.com,2021-02-16 01:50:43
346,Mark Smith,mark_smith@gmail.com,2018-02-16 01:50:43
347,Marion Montgomery,marion_montgomery@gmail.com,2013-02-16 01:50:43
348,Mary Sweet,mary_sweet@gmail.com,2012-02-16 01:50:43
349,Anita Suggs,anita_suggs@gmail.com,2020-02-16 01:50:43
350,Janice Albero,janice_albero@gmail.com,2020-02-16 01:50:43
351,Raymond Banks,raymond_banks@gmail.com,2012-02-16 01:50:43
352,Brent Walters,brent_walters@gmail.com,2012-02-16 01:50:43
353,Joshua Taylor,joshua_taylor@gmail.com,2013-02-16 01:50:43
354,William Hicks,william_hicks@gmail.com,2018-02-16 01:50:43
355,Nolan Jerkins,nolan_jerkins@gmail.com,2016-02-16 01:50:43
356,Lorene Mateo,lorene_mateo@gmail.com,2019-02-16 01:50:43
357,Edgar Evans,edgar_evans@gmail.com,2012-02-16 01:50:43
358,Patricia White,patricia_white@gmail.com,2011-02-16 01:50:43
359,Vera Wing,vera_wing@gmail.com,2021-02-16 01:50:43
360,Charlie Randall,charlie_randall@gmail.com,2013-02-16 01:50:43
361,Johnny Martin,johnny_martin@gmail.com,2011-02-16 01:50:43
362,Shirley Wylie,shirley_wylie@gmail.com,2020-02-16 01:50:43
363,Angela Smith,angela_smith@gmail.com,2014-02-16 01:50:43
364,Wendy Jimenez,wendy_jimenez@gmail.com,2016-02-16 01:50:43
365,Willie Patry,willie_patry@gmail.com,2017-02-16 01:50:43
366,Steven Herbert,steven_herbert@gmail.com,2017-02-16 01:50:43
367,Dennis Abner,dennis_abner@gmail.com,2016-02-16 01:50:43
368,Amy Arko,amy_arko@gmail.com,2018-02-16 01:50:43
369,Michael Dux,michael_dux@gmail.com,2016-02-16 01:50:43
370,Johnnie Ford,johnnie_ford@gmail.com,2012-02-16 01:50:43
371,Rosa Kennedy,rosa_kennedy@gmail.com,2020-02-16 01:50:43
372,Elaine Callahan,elaine_callahan@gmail.com,2019-02-16 01:50:43
373,Brooke Bartz,brooke_bartz@gmail.com,2013-02-16 01:50:43
374,Robert Moise,robert_moise@gmail.com,2016-02-16 01:50:43
375,Lisa Swart,lisa_swart@gmail.com,2019-02-16 01:50:43
376,Victor Jandres,victor_jandres@gmail.com,2017-02-16 01:50:43
377,Andre Phillips,andre_phillips@gmail.com,2017-02-16 01:50:43
378,Bernice Jackson,bernice_jackson@gmail.com,2019-02-16 01:50:43
379,Melvin Curtin,melvin_curtin@gmail.com,2020-02-16 01:50:43
380,Martha Curtis,martha_curtis@gmail.com,2016-02-16 01:50:43
381,Alexis Stone,alexis_stone@gmail.com,2012-02-16 01:50:43
382,Jill Hill,jill_hill@gmail.com,2013-02-16 01:50:43
383,Mary Martin,mary_martin@gmail.com,2016-02-16 01:50:43
384,Mary Bieniek,mary_bieniek@gmail.com,2012-02-16 01:50:43
385,James Davis,james_davis@gmail.com,2013-02-16 01:50:43
386,Sandra Propst,sandra_propst@gmail.com,2011-02-16 01:50:43
387,Jorge Woolsey,jorge_woolsey@gmail.com,2012-02-16 01:50:43
388,Joel Melton,joel_melton@gmail.com,2019-02-16 01:50:43
389,James Bennett,james_bennett@gmail.com,2013-02-16 01:50:43
390,Sharon Durall,sharon_durall@gmail.com,2012-02-16 01:50:43
391,Eula Burback,eula_burback@gmail.com,2017-02-16 01:50:43
392,Robert Harland,robert_harland@gmail.com,2018-02-16 01:50:43
393,Bradley Bunch,bradley_bunch@gmail.com,2011-02-16 01:50:43
394,Nikki Matteo,nikki_matteo@gmail.com,2018-02-16 01:50:43
395,Michael Slagle,michael_slagle@gmail.com,2018-02-16 01:50:43
396,Richard Hecker,richard_hecker@gmail.com,2021-02-16 01:50:43
397,Ramona Barrera,ramona_barrera@gmail.com,2017-02-16 01:50:43
398,Joye Lyons,joye_lyons@gmail.com,2020-02-16 01:50:43
399,Kimberly Holmes,kimberly_holmes@gmail.com,2013-02-16 01:50:43
400,Matthew Moore,matthew_moore@gmail.com,2018-02-16 01:50:43
401,Clarence Johnson,clarence_johnson@gmail.com,2014-02-16 01:50:43
402,Brittany Box,brittany_box@gmail.com,2017-02-16 01:50:43
403,Richard Wallace,richard_wallace@gmail.com,2016-02-16 01:50:43
404,Nanette Ramirez,nanette_ramirez@gmail.com,2016-02-16 01:50:43
405,Mandi Sauer,mandi_sauer@gmail.com,2015-02-16 01:50:43
406,Alice Timmons,alice_timmons@gmail.com,2018-02-16 01:50:43
407,Jeremiah Grimm,jeremiah_grimm@gmail.com,2011-02-16 01:50:43
408,Carlos Palladino,carlos_palladino@gmail.com,2012-02-16 01:50:43
409,Theresa Sanders,theresa_sanders@gmail.com,2012-02-16 01:50:43
410,Peter Wenrich,peter_wenrich@gmail.com,2016-02-16 01:50:43
411,Jeanelle Quintero,jeanelle_quintero@gmail.com,2017-02-16 01:50:43
412,Edwin Myers,edwin_myers@gmail.com,2017-02-16 01:50:43
413,Reba Edmonds,reba_edmonds@gmail.com,2013-02-16 01:50:43
414,Jason Anderson,jason_anderson@gmail.com,2021-02-16 01:50:43
415,Maria West,maria_west@gmail.com,2012-02-16 01:50:43
416,Kaila Hollis,kaila_hollis@gmail.com,2016-02-16 01:50:43
417,Donald Shoaff,donald_shoaff@gmail.com,2015-02-16 01:50:43
418,Daron Watts,daron_watts@gmail.com,2011-02-16 01:50:43
419,Shenita Lovelace,shenita_lovelace@gmail.com,2018-02-16 01:50:43
420,Catherine Darosa,catherine_darosa@gmail.com,2016-02-16 01:50:43
421,Casey Christopher,casey_christopher@gmail.com,2019-02-16 01:50:43
422,Melissia Smith,melissia_smith@gmail.com,2021-02-16 01:50:43
423,Derick Jenkins,derick_jenkins@gmail.com,2017-02-16 01:50:43
424,Viola Jones,viola_jones@gmail.com,2021-02-16 01:50:43
425,Tiffany Ring,tiffany_ring@gmail.com,2021-02-16 01:50:43
426,Barbara Daniel,barbara_daniel@gmail.com,2018-02-16 01:50:43
427,Joseph Jones,joseph_jones@gmail.com,2014-02-16 01:50:43
428,Christina Ness,christina_ness@gmail.com,2013-02-16 01:50:43
429,Adrian Mason,adrian_mason@gmail.com,2018-02-16 01:50:43
430,George Robotham,george_robotham@gmail.com,2011-02-16 01:50:43
431,Arthur Austell,arthur_austell@gmail.com,2011-02-16 01:50:43
432,Rosemary Bray,rosemary_bray@gmail.com,2016-02-16 01:50:43
433,Jesse Jacob,jesse_jacob@gmail.com,2016-02-16 01:50:43
434,Angela Souza,angela_souza@gmail.com,2015-02-16 01:50:43
435,Trent Merchant,trent_merchant@gmail.com,2013-02-16 01:50:43
436,Floyd Harmon,floyd_harmon@gmail.com,2019-02-16 01:50:43
437,Michelle Veal,michelle_veal@gmail.com,2014-02-16 01:50:43
438,Margaret Cunningham,margaret_cunningham@gmail.com,2021-02-16 01:50:43
439,Sandra Campbell,sandra_campbell@gmail.com,2019-02-16 01:50:43
440,Ryan Barbee,ryan_barbee@gmail.com,2020-02-16 01:50:43
441,Deborah Vasquez,deborah_vasquez@gmail.com,2017-02-16 01:50:43
442,Carolyn Trotter,carolyn_trotter@gmail.com,2016-02-16 01:50:43
443,Anna Olszewski,anna_olszewski@gmail.com,2018-02-16 01:50:43
444,Wesley Couch,wesley_couch@gmail.com,2017-02-16 01:50:43
445,Billy Long,billy_long@gmail.com,2017-02-16 01:50:43
446,Arthur Saito,arthur_saito@gmail.com,2012-02-16 01:50:43
447,Anne Gonzalez,anne_gonzalez@gmail.com,2018-02-16 01:50:43
448,Becky Everson,becky_everson@gmail.com,2014-02-16 01:50:43
449,Patricia Holloway,patricia_holloway@gmail.com,2014-02-16 01:50:43
450,Rafael Griffith,rafael_griffith@gmail.com,2018-02-16 01:50:43
