Name,Email,Date,Phone,Gender,Salary
Aaron,aaron@gmail.com,2022-02-16 01:50:44.175759,+684(072)-982-299-352,Male,58372
Adam,adam@gmail.com,2022-02-16 01:50:44.175759,+722(258)-609-250-964,Male,84571
Adan,adan@gmail.com,2022-02-16 01:50:44.175759,+658(437)-872-890-603,Male,67497
Adrian Mason,adrian_mason@gmail.com,2018-02-16 01:50:43,+90(014)-924-577-333,Male,31194
Alan,alan@gmail.com,2022-02-16 01:50:44.175759,+344(906)-329-753-925,Female,70860
Albert Davis,albert_davis@gmail.com,1999-02-16 01:50:43,+25(983)-454-388-738,Male,77610
Alejandra,alejandra@gmail.com,2022-02-16 01:50:44.175759,+345(334)-509-888-590,Female,24196
Alex,alex@gmail.com,2022-02-16 01:50:44.175759,+478(378)-860-814-453,Male,52405
Alexander Schwartz,alexander_schwartz@gmail.com,2019-02-16 01:50:43,+48(331)-142-537-567,Female,39509
Alexander Washburn,alexander_washburn@gmail.com,2002-02-16 01:50:43,+18(144)-735-288-778,Male,88430
Alexandria,alexandria@gmail.com,2022-02-16 01:50:44.175759,+978(405)-070-667-673,Male,60491
Alexia,alexia@gmail.com,2022-02-16 01:50:44.175759,+169(978)-674-630-848,Male,14688
Alexis Stone,alexis_stone@gmail.com,2012-02-16 01:50:43,+79(938)-734-430-560,Female,98897
Alice Timmons,alice_timmons@gmail.com,2018-02-16 01:50:43,+99(805)-391-699-647,Male,80927
Allan,allan@gmail.com,2022-02-16 01:50:44.175759,+113(398)-850-540-092,Female,45221
Allan,allan@gmail.com,2022-02-16 01:50:44.175759,+550(621)-306-410-747,Male,78999
Alma,alma@gmail.com,2022-02-16 01:50:44.175759,+11(831)-167-339-694,Female,66016
Alva,alva@gmail.com,2022-02-16 01:50:44.175759,+182(684)-109-583-395,Female,40348
Amanda,amanda@gmail.com,2022-02-16 01:50:44.175759,+72(465)-995-334-324,Female,6433
Amber Roberts,amber_roberts@gmail.com,1996-02-16 01:50:43,+11(613)-193-533-539,Male,28739
Amy,amy@gmail.com,2022-02-16 01:50:44.175759,+271(518)-205-849-338,Female,82777
Amy Arko,amy_arko@gmail.com,2018-02-16 01:50:43,+38(569)-243-397-425,Female,56866
Amy Dewees,amy_dewees@gmail.com,1987-02-16 01:50:43,+71(112)-577-753-298,Male,76383
Andre,andre@gmail.com,2022-02-16 01:50:44.175759,+341(316)-011-261-577,Male,81158
Andre Phillips,andre_phillips@gmail.com,2017-02-16 01:50:43,+71(593)-824-172-092,Male,93372
Andrea,andrea@gmail.com,2022-02-16 01:50:44.175759,+642(920)-317-946-663,Female,95208
Andrea,andrea@gmail.com,2022-02-16 01:50:44.175759,+156(261)-298-140-020,Male,33109
Andrew,andrew@gmail.com,2022-02-16 01:50:44.176757,+659(175)-787-527-278,Male,98745
Andrew,andrew@gmail.com,2022-02-16 01:50:44.176757,+150(857)-378-477-661,Female,15333
Andrew Jones,andrew_jones@gmail.com,1996-02-16 01:50:43,+85(089)-898-906-898,Male,68887
Andrew Petty,andrew_petty@gmail.com,2004-02-16 01:50:43,+35(702)-564-307-500,Male,75468
Andy Kline,andy_kline@gmail.com,1996-02-16 01:50:43,+16(846)-436-061-763,Female,12986
Angela,angela@gmail.com,2022-02-16 01:50:44.176757,+787(711)-695-761-728,Female,32971
Angela Laird,angela_laird@gmail.com,2006-02-16 01:50:43,+48(122)-117-112-572,Male,38292
Angela Smith,angela_smith@gmail.com,2014-02-16 01:50:43,+32(870)-106-480-804,Male,69669
Angela Souza,angela_souza@gmail.com,2015-02-16 01:50:43,+15(747)-207-885-359,Male,95290
Angela Witters,angela_witters@gmail.com,2004-02-16 01:50:43,+57(910)-406-684-871,Female,59633
Anita Suggs,anita_suggs@gmail.com,2020-02-16 01:50:43,+2(370)-846-507-239,Female,26389
Ann,ann@gmail.com,2022-02-16 01:50:44.176757,+176(039)-475-163-138,Male,79775
Ann Janak,ann_janak@gmail.com,1981-02-16 01:50:43,+36(574)-806-527-353,Male,47620
Ann Zach,ann_zach@gmail.com,1994-02-16 01:50:43,+48(623)-138-137-129,Female,89535
Anna Olszewski,anna_olszewski@gmail.com,2018-02-16 01:50:43,+21(669)-223-312-019,Female,17554
Anne,anne@gmail.com,2022-02-16 01:50:44.176757,+65(486)-315-076-306,Male,39154
Anne Gonzalez,anne_gonzalez@gmail.com,2018-02-16 01:50:43,+95(010)-897-715-125,Female,57827
Annette,annette@gmail.com,2022-02-16 01:50:44.176757,+609(582)-741-789-202,Male,39734
Annie,annie@gmail.com,2022-02-16 01:50:44.176757,+892(197)-928-270-311,Female,37525
Anthony,anthony@gmail.com,2022-02-16 01:50:44.176757,+23(278)-527-209-844,Female,27232
Anthony,anthony@gmail.com,2022-02-16 01:50:44.176757,+198(867)-853-773-289,Female,19296
Anthony,anthony@gmail.com,2022-02-16 01:50:44.176757,+281(387)-841-752-827,Female,64516
Antonio,antonio@gmail.com,2022-02-16 01:50:44.176757,+873(858)-673-516-271,Female,91088
Araceli,araceli@gmail.com,2022-02-16 01:50:44.176757,+151(660)-483-309-685,Female,72968
Arlene,arlene@gmail.com,2022-02-16 01:50:44.176757,+959(575)-904-170-499,Male,66772
Arthur Austell,arthur_austell@gmail.com,2011-02-16 01:50:43,+99(228)-175-478-694,Male,89912
Arthur Saito,arthur_saito@gmail.com,2012-02-16 01:50:43,+7(895)-036-869-164,Female,94946
Arturo,arturo@gmail.com,2022-02-16 01:50:44.176757,+370(819)-543-223-752,Male,27104
Ashley,ashley@gmail.com,2022-02-16 01:50:44.176757,+88(045)-203-175-962,Male,95301
Ashley,ashley@gmail.com,2022-02-16 01:50:44.176757,+76(631)-828-463-848,Female,98620
Ashley Addison,ashley_addison@gmail.com,1991-02-16 01:50:43,+90(538)-120-967-042,Female,31027
Ashley Guzman,ashley_guzman@gmail.com,2001-02-16 01:50:43,+41(403)-574-539-307,Male,63278
Ashley Holling,ashley_holling@gmail.com,1997-02-16 01:50:43,+41(381)-592-102-750,Male,40366
Audrey Smith,audrey_smith@gmail.com,1997-02-16 01:50:43,+66(701)-093-766-851,Female,76397
Autumn Bobrow,autumn_bobrow@gmail.com,1986-02-16 01:50:43,+68(410)-576-693-768,Male,57790
Autumn Brevig,autumn_brevig@gmail.com,2004-02-16 01:50:43,+96(069)-904-431-403,Female,93597
Avelina Lang,avelina_lang@gmail.com,2017-02-16 01:50:43,+4(362)-801-800-852,Male,74656
Avis Johnson,avis_johnson@gmail.com,1981-02-16 01:50:43,+9(935)-685-892-731,Female,72695
Barbara,barbara@gmail.com,2022-02-16 01:50:44.176757,+31(300)-976-735-853,Female,75990
Barbara,barbara@gmail.com,2022-02-16 01:50:44.176757,+938(570)-041-932-167,Male,10782
Barbara,barbara@gmail.com,2022-02-16 01:50:44.176757,+867(230)-986-730-612,Male,73358
Barbara,barbara@gmail.com,2022-02-16 01:50:44.176757,+739(049)-334-805-838,Male,42244
Barbara,barbara@gmail.com,2022-02-16 01:50:44.176757,+332(159)-502-090-888,Female,25469
Barbara Daniel,barbara_daniel@gmail.com,2018-02-16 01:50:43,+95(152)-853-323-738,Female,49846
Beatrice Mai,beatrice_mai@gmail.com,2010-02-16 01:50:43,+99(820)-625-769-202,Male,28216
Beatriz,beatriz@gmail.com,2022-02-16 01:50:44.176757,+91(777)-851-743-021,Male,97973
Beatriz,beatriz@gmail.com,2022-02-16 01:50:44.176757,+716(433)-018-750-540,Male,13826
Becky Everson,becky_everson@gmail.com,2014-02-16 01:50:43,+16(065)-121-269-702,Male,33665
Belva,belva@gmail.com,2022-02-16 01:50:44.176757,+188(356)-534-275-524,Male,27479
Ben,ben@gmail.com,2022-02-16 01:50:44.176757,+141(711)-996-743-738,Male,55728
Benito,benito@gmail.com,2022-02-16 01:50:44.176757,+297(737)-116-191-894,Male,10010
Bernice,bernice@gmail.com,2022-02-16 01:50:44.176757,+574(259)-204-058-620,Female,46096
Bernice Jackson,bernice_jackson@gmail.com,2019-02-16 01:50:43,+90(689)-613-251-375,Female,95750
Berta,berta@gmail.com,2022-02-16 01:50:44.176757,+117(418)-906-121-694,Female,36030
Bertha,bertha@gmail.com,2022-02-16 01:50:44.176757,+545(058)-920-201-177,Male,36622
Betty Charron,betty_charron@gmail.com,2008-02-16 01:50:43,+42(906)-404-818-754,Male,5372
Betty Demarais,betty_demarais@gmail.com,2001-02-16 01:50:43,+27(518)-061-344-553,Male,3210
Beverly,beverly@gmail.com,2022-02-16 01:50:44.176757,+632(998)-190-067-546,Male,2547
Bill,bill@gmail.com,2022-02-16 01:50:44.176757,+341(449)-640-654-063,Male,55119
Bill,bill@gmail.com,2022-02-16 01:50:44.176757,+433(980)-942-699-143,Female,18598
Bill Hasson,bill_hasson@gmail.com,2006-02-16 01:50:43,+46(845)-451-528-179,Male,68139
Billie,billie@gmail.com,2022-02-16 01:50:44.176757,+886(462)-975-244-871,Male,61783
Billy,billy@gmail.com,2022-02-16 01:50:44.176757,+591(552)-403-582-691,Male,53359
Billy,billy@gmail.com,2022-02-16 01:50:44.176757,+181(311)-965-798-593,Female,30023
Billy Long,billy_long@gmail.com,2017-02-16 01:50:43,+96(146)-249-893-934,Male,58886
Bonnie Nash,bonnie_nash@gmail.com,1981-02-16 01:50:43,+96(977)-741-754-803,Female,91526
Bradley,bradley@gmail.com,2022-02-16 01:50:44.176757,+556(355)-645-914-613,Male,53424
Bradley,bradley@gmail.com,2022-02-16 01:50:44.176757,+662(228)-193-906-681,Female,66237
Bradley Bunch,bradley_bunch@gmail.com,2011-02-16 01:50:43,+15(491)-166-929-975,Female,77822
Brandi,brandi@gmail.com,2022-02-16 01:50:44.176757,+324(607)-939-891-146,Female,39425
Brandon,brandon@gmail.com,2022-02-16 01:50:44.176757,+942(032)-702-012-514,Female,93021
Brandon Pierce,brandon_pierce@gmail.com,1992-02-16 01:50:43,+42(486)-834-569-680,Female,9718
Brenda,brenda@gmail.com,2022-02-16 01:50:44.177754,+619(756)-108-420-063,Female,63863
Brent,brent@gmail.com,2022-02-16 01:50:44.177754,+13(927)-425-503-015,Male,75327
Brent Walters,brent_walters@gmail.com,2012-02-16 01:50:43,+89(227)-056-637-143,Male,22103
Brian,brian@gmail.com,2022-02-16 01:50:44.177754,+84(336)-025-157-444,Female,71250
Brian Harrigan,brian_harrigan@gmail.com,2004-02-16 01:50:43,+36(128)-089-475-031,Female,14160
Brian Yung,brian_yung@gmail.com,1980-02-16 01:50:43,+82(911)-154-463-087,Male,60450
Bridgette Johnston,bridgette_johnston@gmail.com,2007-02-16 01:50:43,+96(160)-584-377-615,Female,49851
Brittany Box,brittany_box@gmail.com,2017-02-16 01:50:43,+77(764)-126-034-816,Female,84061
Brooke Bartz,brooke_bartz@gmail.com,2013-02-16 01:50:43,+35(599)-175-096-475,Male,85284
Bruce,bruce@gmail.com,2022-02-16 01:50:44.177754,+342(492)-203-923-601,Female,33450
Bruce Bell,bruce_bell@gmail.com,2006-02-16 01:50:43,+98(521)-286-317-541,Male,74360
Bryan,bryan@gmail.com,2022-02-16 01:50:44.177754,+441(149)-379-023-035,Male,13775
Carleen,carleen@gmail.com,2022-02-16 01:50:44.177754,+477(231)-397-066-449,Female,2303
Carlos,carlos@gmail.com,2022-02-16 01:50:44.177754,+479(496)-205-009-249,Female,21156
Carlos Palladino,carlos_palladino@gmail.com,2012-02-16 01:50:43,+20(636)-296-583-416,Female,9106
Carol,carol@gmail.com,2022-02-16 01:50:44.177754,+33(559)-475-878-308,Male,73671
Carol,carol@gmail.com,2022-02-16 01:50:44.177754,+932(015)-782-206-377,Male,44622
Carol Minder,carol_minder@gmail.com,2014-02-16 01:50:43,+70(887)-642-018-723,Female,15557
Carol Zhao,carol_zhao@gmail.com,2005-02-16 01:50:43,+43(226)-090-396-076,Male,11528
Carole,carole@gmail.com,2022-02-16 01:50:44.177754,+997(860)-882-550-933,Male,67223
Carolyn Hollis,carolyn_hollis@gmail.com,1986-02-16 01:50:43,+14(599)-175-543-411,Male,96643
Carolyn Kingston,carolyn_kingston@gmail.com,2001-02-16 01:50:43,+20(278)-933-245-139,Male,20982
Carolyn Rodriguez,carolyn_rodriguez@gmail.com,2002-02-16 01:50:43,+27(202)-571-954-861,Female,52786
Carolyn Trotter,carolyn_trotter@gmail.com,2016-02-16 01:50:43,+76(740)-215-672-757,Male,1706
Caryn Barraclough,caryn_barraclough@gmail.com,2020-02-16 01:50:43,+7(656)-095-041-017,Female,87351
Casandra,casandra@gmail.com,2022-02-16 01:50:44.177754,+936(980)-999-377-056,Female,21452
Casey Christopher,casey_christopher@gmail.com,2019-02-16 01:50:43,+35(118)-965-124-960,Female,10209
Catherine,catherine@gmail.com,2022-02-16 01:50:44.177754,+27(703)-951-504-444,Male,57237
Catherine Darosa,catherine_darosa@gmail.com,2016-02-16 01:50:43,+39(692)-972-836-149,Female,26271
Cecilia Park,cecilia_park@gmail.com,1994-02-16 01:50:43,+78(279)-062-601-135,Female,95129
Cesar Herrera,cesar_herrera@gmail.com,2000-02-16 01:50:43,+78(459)-104-665-153,Male,5436
Chad King,chad_king@gmail.com,1999-02-16 01:50:43,+16(142)-420-042-613,Female,75875
Charles,charles@gmail.com,2022-02-16 01:50:44.177754,+775(132)-037-928-874,Female,41508
Charles,charles@gmail.com,2022-02-16 01:50:44.177754,+712(615)-035-166-342,Male,59501
Charles,charles@gmail.com,2022-02-16 01:50:44.177754,+776(066)-083-483-886,Male,38801
Charles,charles@gmail.com,2022-02-16 01:50:44.177754,+159(501)-099-764-353,Male,6253
Charles,charles@gmail.com,2022-02-16 01:50:44.177754,+581(778)-949-566-371,Female,68346
Charles,charles@gmail.com,2022-02-16 01:50:44.177754,+341(354)-097-873-974,Female,38824
Charles,charles@gmail.com,2022-02-16 01:50:44.177754,+187(891)-213-343-432,Female,82104
Charles Dominguez,charles_dominguez@gmail.com,2002-02-16 01:50:43,+94(165)-721-016-827,Male,7302
Charles Kopicko,charles_kopicko@gmail.com,2008-02-16 01:50:43,+85(234)-527-712-789,Male,5726
Charles Phillip,charles_phillip@gmail.com,2001-02-16 01:50:43,+62(348)-185-798-783,Male,13725
Charlie Randall,charlie_randall@gmail.com,2013-02-16 01:50:43,+92(835)-424-617-116,Female,12744
Charlotte Boyle,charlotte_boyle@gmail.com,1993-02-16 01:50:43,+56(961)-790-238-316,Male,31436
Christina Johnson,christina_johnson@gmail.com,2007-02-16 01:50:43,+5(080)-828-496-019,Male,50242
Christina Ness,christina_ness@gmail.com,2013-02-16 01:50:43,+52(670)-680-787-389,Male,12841
Christine,christine@gmail.com,2022-02-16 01:50:44.177754,+615(377)-554-722-716,Male,14978
Christine,christine@gmail.com,2022-02-16 01:50:44.177754,+657(450)-574-804-529,Male,56497
Christine Dahl,christine_dahl@gmail.com,1980-02-16 01:50:43,+90(126)-377-654-689,Female,64778
Christine Fromm,christine_fromm@gmail.com,2015-02-16 01:50:43,+23(731)-825-992-969,Male,54647
Christopher,christopher@gmail.com,2022-02-16 01:50:44.177754,+124(377)-661-351-360,Male,94179
Christopher Depalma,christopher_depalma@gmail.com,2009-02-16 01:50:43,+84(750)-836-452-360,Female,42121
Chuck,chuck@gmail.com,2022-02-16 01:50:44.177754,+62(083)-903-666-237,Male,25177
Cindy Hargrove,cindy_hargrove@gmail.com,1996-02-16 01:50:43,+88(775)-471-923-459,Female,51544
Clarence Johnson,clarence_johnson@gmail.com,2014-02-16 01:50:43,+56(798)-419-714-794,Female,15463
Clarence Overton,clarence_overton@gmail.com,1994-02-16 01:50:43,+60(489)-635-309-999,Male,80987
Clarence Walz,clarence_walz@gmail.com,2007-02-16 01:50:43,+13(044)-858-224-055,Male,10457
Claude,claude@gmail.com,2022-02-16 01:50:44.177754,+175(608)-253-542-391,Female,86944
Claudia,claudia@gmail.com,2022-02-16 01:50:44.177754,+869(496)-400-678-445,Male,79370
Clement Barry,clement_barry@gmail.com,2004-02-16 01:50:43,+11(887)-132-489-990,Male,57558
Cletus,cletus@gmail.com,2022-02-16 01:50:44.177754,+688(738)-344-698-169,Male,19933
Cliff Miller,cliff_miller@gmail.com,1999-02-16 01:50:43,+27(415)-704-230-676,Male,99706
Clyde,clyde@gmail.com,2022-02-16 01:50:44.177754,+618(369)-767-936-011,Female,62057
Cody,cody@gmail.com,2022-02-16 01:50:44.177754,+463(500)-371-056-600,Female,49852
Colleen Henson,colleen_henson@gmail.com,1996-02-16 01:50:43,+79(041)-173-599-393,Male,16988
Connie,connie@gmail.com,2022-02-16 01:50:44.177754,+187(001)-196-154-065,Female,8446
Connie Anderson,connie_anderson@gmail.com,2004-02-16 01:50:43,+88(589)-190-311-293,Female,59537
Connie Mcgregor,connie_mcgregor@gmail.com,2005-02-16 01:50:43,+67(208)-176-111-668,Male,1604
Corey,corey@gmail.com,2022-02-16 01:50:44.177754,+390(513)-579-070-159,Male,48643
Cori Williams,cori_williams@gmail.com,2006-02-16 01:50:43,+94(633)-526-619-705,Male,48685
Corinne Cash,corinne_cash@gmail.com,2006-02-16 01:50:43,+78(356)-598-033-652,Female,20012
Cornelius,cornelius@gmail.com,2022-02-16 01:50:44.177754,+531(662)-724-944-412,Female,22373
Cornell Obrien,cornell_obrien@gmail.com,1990-02-16 01:50:43,+82(184)-730-642-837,Female,36879
Cory,cory@gmail.com,2022-02-16 01:50:44.177754,+128(649)-360-149-210,Male,11014
Craig,craig@gmail.com,2022-02-16 01:50:44.177754,+355(420)-577-257-106,Male,99985
Crystal Lancaster,crystal_lancaster@gmail.com,1982-02-16 01:50:43,+14(605)-339-164-003,Male,41601
Curtis,curtis@gmail.com,2022-02-16 01:50:44.177754,+269(364)-283-479-364,Male,12980
Curtis Wilson,curtis_wilson@gmail.com,2004-02-16 01:50:43,+10(826)-485-364-393,Female,24847
Cynthia,cynthia@gmail.com,2022-02-16 01:50:44.178751,+631(247)-323-338-626,Female,40482
Cynthia,cynthia@gmail.com,2022-02-16 01:50:44.178751,+532(358)-138-948-754,Female,45338
Cynthia,cynthia@gmail.com,2022-02-16 01:50:44.178751,+30(328)-504-001-681,Male,62914
Cynthia Kallas,cynthia_kallas@gmail.com,2014-02-16 01:50:43,+17(403)-541-899-345,Male,37451
Damien,damien@gmail.com,2022-02-16 01:50:44.178751,+947(430)-484-846-126,Male,7817
Dana Washington,dana_washington@gmail.com,1982-02-16 01:50:43,+38(944)-979-010-293,Female,68069
Daniel,daniel@gmail.com,2022-02-16 01:50:44.178751,+364(253)-489-850-071,Female,29761
Daniel,daniel@gmail.com,2022-02-16 01:50:44.178751,+371(903)-183-963-123,Female,63031
Daniel Flores,daniel_flores@gmail.com,2002-02-16 01:50:43,+16(228)-631-321-667,Male,71348
Daniel Palermo,daniel_palermo@gmail.com,2017-02-16 01:50:43,+27(952)-408-849-099,Female,71001
Danny Carper,danny_carper@gmail.com,1993-02-16 01:50:43,+50(969)-343-202-930,Female,46689
Daron Watts,daron_watts@gmail.com,2011-02-16 01:50:43,+76(133)-912-351-291,Male,51303
Darrell,darrell@gmail.com,2022-02-16 01:50:44.178751,+864(592)-232-785-167,Female,80894
Darren Uttley,darren_uttley@gmail.com,1990-02-16 01:50:43,+82(953)-116-642-739,Female,9371
Darryl Hall,darryl_hall@gmail.com,2006-02-16 01:50:43,+71(047)-816-704-491,Male,59202
Dave,dave@gmail.com,2022-02-16 01:50:44.178751,+489(343)-978-662-730,Female,19523
Dave Gulley,dave_gulley@gmail.com,1985-02-16 01:50:43,+55(150)-016-514-307,Male,16536
David,david@gmail.com,2022-02-16 01:50:44.178751,+517(957)-616-966-930,Female,49047
David,david@gmail.com,2022-02-16 01:50:44.178751,+250(642)-920-758-046,Female,67514
David,david@gmail.com,2022-02-16 01:50:44.178751,+679(199)-835-208-835,Male,45432
David,david@gmail.com,2022-02-16 01:50:44.178751,+885(519)-793-901-902,Female,62590
David,david@gmail.com,2022-02-16 01:50:44.178751,+969(600)-937-997-560,Male,77342
David,david@gmail.com,2022-02-16 01:50:44.178751,+382(155)-455-388-582,Male,34017
David,david@gmail.com,2022-02-16 01:50:44.178751,+743(333)-310-496-296,Male,63763
David Clarke,david_clarke@gmail.com,2002-02-16 01:50:43,+14(561)-591-678-337,Female,92770
David Irwin,david_irwin@gmail.com,1987-02-16 01:50:43,+11(735)-177-703-016,Male,88327
David Mendez,david_mendez@gmail.com,2000-02-16 01:50:43,+80(201)-620-088-915,Male,84394
Davina,davina@gmail.com,2022-02-16 01:50:44.178751,+521(535)-867-181-030,Male,87732
Dawn,dawn@gmail.com,2022-02-16 01:50:44.178751,+762(643)-839-119-272,Female,63985
Dean,dean@gmail.com,2022-02-16 01:50:44.178751,+895(685)-186-222-966,Female,31780
Debbie Hendricks,debbie_hendricks@gmail.com,1993-02-16 01:50:43,+89(763)-148-782-434,Male,41651
Deborah,deborah@gmail.com,2022-02-16 01:50:44.178751,+710(395)-517-388-190,Male,98098
Deborah,deborah@gmail.com,2022-02-16 01:50:44.178751,+347(114)-919-144-436,Male,21840
Deborah Hill,deborah_hill@gmail.com,2010-02-16 01:50:43,+51(096)-990-936-685,Female,79941
Deborah Vasquez,deborah_vasquez@gmail.com,2017-02-16 01:50:43,+44(756)-946-989-730,Female,80908
Debra,debra@gmail.com,2022-02-16 01:50:44.178751,+389(140)-589-897-062,Female,38528
Delores Blalock,delores_blalock@gmail.com,2002-02-16 01:50:43,+32(556)-496-897-037,Male,57014
Demetria Riddle,demetria_riddle@gmail.com,1993-02-16 01:50:43,+80(177)-529-243-523,Female,32632
Demetrius,demetrius@gmail.com,2022-02-16 01:50:44.178751,+864(557)-094-045-906,Female,80156
Denise Golan,denise_golan@gmail.com,1996-02-16 01:50:43,+92(440)-415-465-952,Female,72202
Denise Laxson,denise_laxson@gmail.com,2004-02-16 01:50:43,+11(950)-861-066-163,Male,88076
Dennis,dennis@gmail.com,2022-02-16 01:50:44.178751,+168(741)-651-601-860,Female,12442
Dennis,dennis@gmail.com,2022-02-16 01:50:44.178751,+741(464)-628-452-277,Female,1006
Dennis,dennis@gmail.com,2022-02-16 01:50:44.178751,+342(501)-960-485-227,Male,95832
Dennis Abner,dennis_abner@gmail.com,2016-02-16 01:50:43,+93(774)-228-949-936,Male,1390
Derick Jenkins,derick_jenkins@gmail.com,2017-02-16 01:50:43,+29(267)-088-858-830,Male,93829
Desmond Solis,desmond_solis@gmail.com,1999-02-16 01:50:43,+59(801)-225-769-182,Female,81750
Dewayne,dewayne@gmail.com,2022-02-16 01:50:44.178751,+487(393)-848-036-022,Male,53345
Diana Atkeson,diana_atkeson@gmail.com,2009-02-16 01:50:43,+50(294)-685-586-822,Female,43893
Diane,diane@gmail.com,2022-02-16 01:50:44.178751,+560(918)-036-476-565,Male,62561
Diane Field,diane_field@gmail.com,2002-02-16 01:50:43,+62(355)-823-217-585,Male,55433
Dion,dion@gmail.com,2022-02-16 01:50:44.178751,+76(459)-257-623-452,Female,91549
Dona,dona@gmail.com,2022-02-16 01:50:44.178751,+806(458)-652-383-204,Female,14400
Donald Blank,donald_blank@gmail.com,1993-02-16 01:50:43,+89(009)-249-690-378,Male,23664
Donald Broughton,donald_broughton@gmail.com,2013-02-16 01:50:43,+60(038)-704-232-700,Male,56000
Donald Leslie,donald_leslie@gmail.com,2011-02-16 01:50:43,+33(849)-500-871-534,Female,60484
Donald Mauro,donald_mauro@gmail.com,2010-02-16 01:50:43,+92(403)-006-405-148,Male,35710
Donald Moore,donald_moore@gmail.com,1996-02-16 01:50:43,+19(805)-196-813-510,Male,92503
Donald Shoaff,donald_shoaff@gmail.com,2015-02-16 01:50:43,+85(593)-757-942-239,Female,47079
Donna,donna@gmail.com,2022-02-16 01:50:44.178751,+116(188)-108-318-170,Female,82548
Donna,donna@gmail.com,2022-02-16 01:50:44.178751,+984(417)-086-811-409,Male,4876
Doris,doris@gmail.com,2022-02-16 01:50:44.178751,+157(223)-385-504-078,Male,53397
Dorothy,dorothy@gmail.com,2022-02-16 01:50:44.178751,+375(602)-787-148-854,Female,65681
Dorothy,dorothy@gmail.com,2022-02-16 01:50:44.178751,+8(791)-115-589-527,Male,39223
Dorothy,dorothy@gmail.com,2022-02-16 01:50:44.178751,+794(574)-629-473-914,Female,9870
Dorothy,dorothy@gmail.com,2022-02-16 01:50:44.178751,+694(577)-941-986-972,Female,73750
Douglas,douglas@gmail.com,2022-02-16 01:50:44.178751,+63(814)-723-091-843,Female,89161
Douglas,douglas@gmail.com,2022-02-16 01:50:44.178751,+986(423)-049-053-408,Male,22281
Drew Orlando,drew_orlando@gmail.com,2004-02-16 01:50:43,+27(698)-663-367-567,Male,49227
Duane,duane@gmail.com,2022-02-16 01:50:44.179749,+771(298)-574-882-509,Male,37571
Duane,duane@gmail.com,2022-02-16 01:50:44.179749,+420(495)-123-853-295,Male,60342
Dylan Robinson,dylan_robinson@gmail.com,2009-02-16 01:50:43,+97(880)-432-769-458,Female,20320
Easter,easter@gmail.com,2022-02-16 01:50:44.179749,+271(080)-166-695-803,Female,63859
Eddie,eddie@gmail.com,2022-02-16 01:50:44.179749,+357(605)-103-716-759,Female,30796
Eddie,eddie@gmail.com,2022-02-16 01:50:44.179749,+772(037)-947-626-188,Male,37123
Eddie,eddie@gmail.com,2022-02-16 01:50:44.179749,+701(245)-230-111-332,Male,94802
Eddie,eddie@gmail.com,2022-02-16 01:50:44.179749,+379(723)-358-755-582,Female,73595
Eddie Ortiz,eddie_ortiz@gmail.com,2001-02-16 01:50:43,+6(491)-990-427-851,Male,7237
Edgar,edgar@gmail.com,2022-02-16 01:50:44.179749,+504(943)-061-132-071,Female,26910
Edgar,edgar@gmail.com,2022-02-16 01:50:44.179749,+823(997)-838-604-571,Female,43360
Edgar Evans,edgar_evans@gmail.com,2012-02-16 01:50:43,+17(223)-850-748-657,Male,36301
Edith,edith@gmail.com,2022-02-16 01:50:44.179749,+911(851)-430-265-815,Female,82126
Edna Jett,edna_jett@gmail.com,2004-02-16 01:50:43,+16(005)-623-394-455,Female,53309
Edris,edris@gmail.com,2022-02-16 01:50:44.179749,+964(449)-997-059-890,Female,34820
Edward,edward@gmail.com,2022-02-16 01:50:44.179749,+990(360)-384-817-126,Female,96475
Edward,edward@gmail.com,2022-02-16 01:50:44.179749,+167(943)-284-351-681,Female,71614
Edward,edward@gmail.com,2022-02-16 01:50:44.179749,+648(943)-322-038-133,Female,91731
Edward,edward@gmail.com,2022-02-16 01:50:44.179749,+75(421)-227-278-968,Male,57155
Edward,edward@gmail.com,2022-02-16 01:50:44.179749,+779(409)-126-660-857,Male,72966
Edward Luna,edward_luna@gmail.com,2010-02-16 01:50:43,+11(943)-071-654-346,Female,70973
Edward Mcgaha,edward_mcgaha@gmail.com,1993-02-16 01:50:43,+71(460)-967-465-482,Female,17731
Edward Purnell,edward_purnell@gmail.com,1996-02-16 01:50:43,+71(286)-082-081-811,Female,69179
Edwin Myers,edwin_myers@gmail.com,2017-02-16 01:50:43,+15(599)-340-338-635,Female,24491
Eileen,eileen@gmail.com,2022-02-16 01:50:44.179749,+276(454)-936-391-450,Male,36244
Elaine Callahan,elaine_callahan@gmail.com,2019-02-16 01:50:43,+99(607)-478-438-267,Female,79324
Elaine Renzi,elaine_renzi@gmail.com,1996-02-16 01:50:43,+74(831)-205-887-095,Male,25759
Eldridge Mason,eldridge_mason@gmail.com,1989-02-16 01:50:43,+12(115)-112-105-275,Male,54508
Elizabeth,elizabeth@gmail.com,2022-02-16 01:50:44.179749,+568(924)-530-112-980,Female,91877
Elizabeth,elizabeth@gmail.com,2022-02-16 01:50:44.179749,+619(078)-000-118-900,Female,61804
Elizabeth,elizabeth@gmail.com,2022-02-16 01:50:44.179749,+934(200)-159-105-683,Female,93855
Elizabeth Gonzales,elizabeth_gonzales@gmail.com,2004-02-16 01:50:43,+9(126)-317-459-545,Female,44596
Ella,ella@gmail.com,2022-02-16 01:50:44.179749,+34(838)-512-801-177,Female,8451
Elton,elton@gmail.com,2022-02-16 01:50:44.179749,+952(686)-400-100-118,Female,28912
Emily,emily@gmail.com,2022-02-16 01:50:44.179749,+387(603)-262-426-200,Female,95537
Emily,emily@gmail.com,2022-02-16 01:50:44.179749,+188(732)-133-985-666,Male,98024
Emma,emma@gmail.com,2022-02-16 01:50:44.179749,+130(163)-723-413-657,Male,21136
Emmanuel,emmanuel@gmail.com,2022-02-16 01:50:44.179749,+294(411)-462-632-990,Female,66534
Eric Strickland,eric_strickland@gmail.com,2004-02-16 01:50:43,+64(603)-837-735-122,Male,67660
Ericka Robinson,ericka_robinson@gmail.com,1988-02-16 01:50:43,+39(680)-489-857-224,Male,12810
Erin Bjorklund,erin_bjorklund@gmail.com,2016-02-16 01:50:43,+93(586)-070-195-141,Male,16838
Erma Gifford,erma_gifford@gmail.com,2002-02-16 01:50:43,+67(513)-257-808-608,Male,18676
Ernest,ernest@gmail.com,2022-02-16 01:50:44.179749,+731(577)-335-550-157,Female,59239
Estelle Lopez,estelle_lopez@gmail.com,1996-02-16 01:50:43,+60(103)-414-976-785,Female,82864
Esther Turley,esther_turley@gmail.com,1996-02-16 01:50:43,+59(558)-493-453-333,Female,31771
Eula,eula@gmail.com,2022-02-16 01:50:44.179749,+59(117)-689-894-342,Female,61190
Eula Burback,eula_burback@gmail.com,2017-02-16 01:50:43,+12(601)-695-131-610,Male,9018
Eva,eva@gmail.com,2022-02-16 01:50:44.180780,+994(154)-525-855-876,Female,54881
Eva,eva@gmail.com,2022-02-16 01:50:44.180780,+544(098)-255-083-246,Male,63735
Evelyn,evelyn@gmail.com,2022-02-16 01:50:44.180780,+975(038)-221-255-584,Male,95720
Evelyn,evelyn@gmail.com,2022-02-16 01:50:44.180780,+606(644)-000-486-995,Female,28070
Faye Byram,faye_byram@gmail.com,1997-02-16 01:50:43,+57(937)-215-482-674,Male,23740
Felicia Sotelo,felicia_sotelo@gmail.com,1993-02-16 01:50:43,+44(850)-666-192-044,Female,56834
Ferdinand Puff,ferdinand_puff@gmail.com,1994-02-16 01:50:43,+14(926)-341-501-005,Female,41361
Fermin,fermin@gmail.com,2022-02-16 01:50:44.180780,+491(854)-154-685-557,Male,3672
Florence,florence@gmail.com,2022-02-16 01:50:44.180780,+79(863)-674-018-258,Female,93937
Flossie,flossie@gmail.com,2022-02-16 01:50:44.180780,+970(266)-332-691-749,Male,88975
Floyd,floyd@gmail.com,2022-02-16 01:50:44.180780,+539(433)-452-605-701,Female,29833
Floyd Harmon,floyd_harmon@gmail.com,2019-02-16 01:50:43,+4(819)-377-975-171,Male,21829
Frances,frances@gmail.com,2022-02-16 01:50:44.180780,+540(591)-039-018-278,Male,58555
Francisco,francisco@gmail.com,2022-02-16 01:50:44.180780,+96(770)-438-747-222,Female,24543
Frank,frank@gmail.com,2022-02-16 01:50:44.180780,+295(886)-352-185-275,Female,59432
Frank Bison,frank_bison@gmail.com,2007-02-16 01:50:43,+67(630)-239-221-101,Female,31934
Franklin,franklin@gmail.com,2022-02-16 01:50:44.180780,+15(586)-505-760-486,Male,15670
Fred,fred@gmail.com,2022-02-16 01:50:44.180780,+724(493)-897-859-176,Male,91633
Fred,fred@gmail.com,2022-02-16 01:50:44.180780,+366(674)-403-903-654,Female,57470
Frederick,frederick@gmail.com,2022-02-16 01:50:44.180780,+959(114)-249-961-703,Female,9464
Fredric Frazier,fredric_frazier@gmail.com,2018-02-16 01:50:43,+34(394)-140-663-781,Male,71160
Garnett Woods,garnett_woods@gmail.com,1997-02-16 01:50:43,+56(723)-176-714-563,Male,24306
Gary,gary@gmail.com,2022-02-16 01:50:44.180780,+923(274)-445-030-316,Female,70710
Gary,gary@gmail.com,2022-02-16 01:50:44.180780,+943(070)-113-277-018,Male,98498
Gary,gary@gmail.com,2022-02-16 01:50:44.180780,+299(383)-524-457-224,Female,22496
Gary Blaise,gary_blaise@gmail.com,2000-02-16 01:50:43,+13(396)-466-805-491,Female,81174
Gayle,gayle@gmail.com,2022-02-16 01:50:44.180780,+644(198)-488-707-642,Male,82682
Genia Tanner,genia_tanner@gmail.com,2005-02-16 01:50:43,+32(661)-865-189-390,Female,34967
George,george@gmail.com,2022-02-16 01:50:44.180780,+317(616)-115-989-296,Female,34415
George,george@gmail.com,2022-02-16 01:50:44.180780,+596(514)-604-069-043,Female,59137
George Azar,george_azar@gmail.com,2019-02-16 01:50:43,+25(446)-721-755-122,Female,82462
George Boswell,george_boswell@gmail.com,1998-02-16 01:50:43,+28(204)-374-134-382,Male,81274
George Bryant,george_bryant@gmail.com,1995-02-16 01:50:43,+63(637)-126-956-584,Male,11772
George Murelli,george_murelli@gmail.com,1990-02-16 01:50:43,+59(405)-004-617-109,Female,75111
George Robotham,george_robotham@gmail.com,2011-02-16 01:50:43,+99(289)-658-210-873,Male,72298
Georgia,georgia@gmail.com,2022-02-16 01:50:44.180780,+427(611)-615-216-490,Male,41602
Georgina Wood,georgina_wood@gmail.com,1985-02-16 01:50:43,+42(767)-390-548-022,Male,83134
Gerald,gerald@gmail.com,2022-02-16 01:50:44.180780,+359(864)-271-970-978,Female,41117
Geraldine,geraldine@gmail.com,2022-02-16 01:50:44.180780,+480(013)-636-476-146,Female,98521
Geri,geri@gmail.com,2022-02-16 01:50:44.180780,+103(596)-712-655-929,Female,49702
Gilberto,gilberto@gmail.com,2022-02-16 01:50:44.180780,+866(172)-439-614-721,Male,96765
Gina Notti,gina_notti@gmail.com,1991-02-16 01:50:43,+86(270)-193-013-223,Male,24464
Ginger Urie,ginger_urie@gmail.com,1993-02-16 01:50:43,+83(009)-582-807-365,Male,54109
Gladys,gladys@gmail.com,2022-02-16 01:50:44.180780,+116(415)-184-752-187,Male,37105
Gloria,gloria@gmail.com,2022-02-16 01:50:44.180780,+279(721)-288-780-986,Female,98371
Gloria Nikolic,gloria_nikolic@gmail.com,1999-02-16 01:50:43,+36(176)-272-097-313,Male,43250
Gordon,gordon@gmail.com,2022-02-16 01:50:44.180780,+611(860)-942-786-289,Female,16854
Grace,grace@gmail.com,2022-02-16 01:50:44.180780,+132(674)-799-070-067,Male,81739
Grace,grace@gmail.com,2022-02-16 01:50:44.180780,+446(875)-282-193-864,Male,85431
Greg Biller,greg_biller@gmail.com,1994-02-16 01:50:43,+40(477)-827-514-749,Female,32437
Guadalupe Odonnell,guadalupe_odonnell@gmail.com,1997-02-16 01:50:43,+24(829)-641-720-750,Female,32099
Harold,harold@gmail.com,2022-02-16 01:50:44.180780,+482(274)-872-197-570,Male,51547
Harold,harold@gmail.com,2022-02-16 01:50:44.180780,+999(357)-932-963-935,Female,52643
Harold,harold@gmail.com,2022-02-16 01:50:44.181745,+261(938)-465-646-396,Male,40859
Hector Gilman,hector_gilman@gmail.com,1995-02-16 01:50:43,+50(088)-875-137-860,Male,81005
Helen,helen@gmail.com,2022-02-16 01:50:44.181745,+213(074)-240-666-423,Female,47891
Helen,helen@gmail.com,2022-02-16 01:50:44.181745,+483(814)-508-827-380,Male,83261
Helen,helen@gmail.com,2022-02-16 01:50:44.181745,+147(178)-476-297-074,Male,93814
Helen,helen@gmail.com,2022-02-16 01:50:44.181745,+63(902)-646-420-079,Female,14779
Helen Flores,helen_flores@gmail.com,1998-02-16 01:50:43,+21(513)-554-902-686,Male,72613
Helen Mancuso,helen_mancuso@gmail.com,1996-02-16 01:50:43,+16(267)-519-531-963,Male,86856
Helen Read,helen_read@gmail.com,1998-02-16 01:50:43,+19(547)-656-117-839,Male,29601
Helene,helene@gmail.com,2022-02-16 01:50:44.181745,+733(778)-958-522-829,Female,18056
Henry,henry@gmail.com,2022-02-16 01:50:44.181745,+995(841)-727-953-440,Female,72120
Henry,henry@gmail.com,2022-02-16 01:50:44.181745,+138(912)-696-940-877,Female,37594
Henry,henry@gmail.com,2022-02-16 01:50:44.181745,+98(035)-770-866-137,Female,23181
Henry Ables,henry_ables@gmail.com,1985-02-16 01:50:43,+90(752)-697-681-353,Male,78229
Henry Stassi,henry_stassi@gmail.com,2019-02-16 01:50:43,+51(022)-448-493-634,Male,23363
Herlinda,herlinda@gmail.com,2022-02-16 01:50:44.181745,+208(972)-690-122-953,Male,17105
Herman Feldman,herman_feldman@gmail.com,1983-02-16 01:50:43,+99(357)-959-179-798,Female,23783
Herman Lynn,herman_lynn@gmail.com,1987-02-16 01:50:43,+8(921)-081-915-525,Female,41921
Hildegard Miller,hildegard_miller@gmail.com,1992-02-16 01:50:43,+58(017)-011-980-850,Male,27681
Hildegarde,hildegarde@gmail.com,2022-02-16 01:50:44.181745,+729(046)-309-783-905,Female,91814
Hollie Ray,hollie_ray@gmail.com,2017-02-16 01:50:43,+79(102)-973-816-857,Male,7663
Homer,homer@gmail.com,2022-02-16 01:50:44.181745,+153(793)-200-448-392,Female,97801
Homer,homer@gmail.com,2022-02-16 01:50:44.181745,+937(233)-971-398-457,Female,78011
Hope Mccord,hope_mccord@gmail.com,2008-02-16 01:50:43,+23(873)-666-644-188,Female,18723
Howard,howard@gmail.com,2022-02-16 01:50:44.181745,+979(547)-884-276-277,Male,79057
Howard,howard@gmail.com,2022-02-16 01:50:44.181745,+433(476)-204-998-397,Female,65173
Howard Gaska,howard_gaska@gmail.com,2020-02-16 01:50:43,+61(132)-251-095-208,Male,73558
Howard Sanges,howard_sanges@gmail.com,1983-02-16 01:50:43,+7(038)-919-033-418,Male,76737
Hyman,hyman@gmail.com,2022-02-16 01:50:44.181745,+429(268)-283-792-610,Female,13571
Ian,ian@gmail.com,2022-02-16 01:50:44.181745,+478(339)-298-721-192,Female,91292
Ian,ian@gmail.com,2022-02-16 01:50:44.181745,+7(057)-813-815-508,Female,10559
Ilene Ramos,ilene_ramos@gmail.com,1981-02-16 01:50:43,+30(768)-406-730-279,Female,72038
Irene Edwards,irene_edwards@gmail.com,2007-02-16 01:50:43,+76(773)-981-326-414,Male,88991
Ivan Murdock,ivan_murdock@gmail.com,1999-02-16 01:50:43,+13(926)-848-568-935,Female,18512
Jack Obrien,jack_obrien@gmail.com,2002-02-16 01:50:43,+98(936)-279-339-026,Male,77660
Jacqueline,jacqueline@gmail.com,2022-02-16 01:50:44.182743,+394(312)-093-538-024,Female,90246
Jacqueline Benedetto,jacqueline_benedetto@gmail.com,2007-02-16 01:50:43,+64(865)-420-488-554,Male,47066
Jake Sanders,jake_sanders@gmail.com,2001-02-16 01:50:43,+19(712)-032-248-397,Male,98417
James,james@gmail.com,2022-02-16 01:50:44.182743,+618(133)-102-147-171,Female,19425
James,james@gmail.com,2022-02-16 01:50:44.182743,+413(166)-817-454-492,Male,45207
James,james@gmail.com,2022-02-16 01:50:44.182743,+7(556)-484-171-220,Female,12535
James,james@gmail.com,2022-02-16 01:50:44.182743,+956(291)-100-554-404,Male,3796
James,james@gmail.com,2022-02-16 01:50:44.182743,+911(374)-075-032-177,Female,41266
James,james@gmail.com,2022-02-16 01:50:44.182743,+50(390)-651-355-667,Female,49500
James,james@gmail.com,2022-02-16 01:50:44.182743,+750(740)-861-508-724,Female,57762
James,james@gmail.com,2022-02-16 01:50:44.182743,+63(371)-238-119-172,Female,95768
James,james@gmail.com,2022-02-16 01:50:44.182743,+160(548)-205-473-206,Male,1009
James,james@gmail.com,2022-02-16 01:50:44.182743,+443(916)-122-248-918,Female,71853
James,james@gmail.com,2022-02-16 01:50:44.182743,+754(590)-092-267-505,Female,78061
James,james@gmail.com,2022-02-16 01:50:44.182743,+125(348)-345-884-339,Female,70156
James Bennett,james_bennett@gmail.com,2013-02-16 01:50:43,+54(686)-811-885-836,Female,61173
James Davis,james_davis@gmail.com,2013-02-16 01:50:43,+67(211)-678-137-293,Male,99622
James Godbold,james_godbold@gmail.com,2019-02-16 01:50:43,+65(306)-303-641-229,Female,73938
James Holland,james_holland@gmail.com,2005-02-16 01:50:43,+90(691)-420-755-843,Female,56984
James Mann,james_mann@gmail.com,2012-02-16 01:50:43,+37(125)-719-362-668,Female,35821
James Mottillo,james_mottillo@gmail.com,2009-02-16 01:50:43,+8(768)-420-357-852,Female,62166
James Rowland,james_rowland@gmail.com,1999-02-16 01:50:43,+33(514)-569-298-910,Male,89854
James Thoren,james_thoren@gmail.com,1997-02-16 01:50:43,+60(966)-780-750-704,Female,68941
Jamie,jamie@gmail.com,2022-02-16 01:50:44.182743,+894(252)-067-017-175,Female,17592
Jane,jane@gmail.com,2022-02-16 01:50:44.182743,+23(131)-353-088-796,Female,93447
Jane,jane@gmail.com,2022-02-16 01:50:44.182743,+722(799)-501-880-282,Male,9255
Janene Graham,janene_graham@gmail.com,1985-02-16 01:50:43,+59(265)-492-351-847,Male,30673
Janice,janice@gmail.com,2022-02-16 01:50:44.182743,+689(809)-962-927-272,Male,90382
Janice Albero,janice_albero@gmail.com,2020-02-16 01:50:43,+56(297)-331-579-821,Male,84643
Janice Hosley,janice_hosley@gmail.com,2007-02-16 01:50:43,+89(896)-954-326-455,Female,16419
Janis,janis@gmail.com,2022-02-16 01:50:44.182743,+25(134)-526-531-258,Female,82024
Jason,jason@gmail.com,2022-02-16 01:50:44.182743,+344(771)-085-038-428,Male,27996
Jason,jason@gmail.com,2022-02-16 01:50:44.182743,+3(890)-576-136-013,Female,34615
Jason,jason@gmail.com,2022-02-16 01:50:44.182743,+657(284)-393-667-586,Male,77890
Jason Anderson,jason_anderson@gmail.com,2021-02-16 01:50:43,+47(150)-024-762-643,Male,73413
Jason Zeller,jason_zeller@gmail.com,1996-02-16 01:50:43,+46(980)-839-075-518,Female,61710
Jaunita,jaunita@gmail.com,2022-02-16 01:50:44.182743,+749(148)-891-354-075,Male,92369
Jay,jay@gmail.com,2022-02-16 01:50:44.182743,+221(487)-300-903-612,Male,55733
Jay Walton,jay_walton@gmail.com,1998-02-16 01:50:43,+84(561)-509-242-194,Female,76797
Jeanelle Quintero,jeanelle_quintero@gmail.com,2017-02-16 01:50:43,+37(507)-427-276-576,Female,52266
Jeanette Partee,jeanette_partee@gmail.com,1988-02-16 01:50:43,+67(102)-977-278-969,Male,20413
Jeanie,jeanie@gmail.com,2022-02-16 01:50:44.182743,+158(240)-529-470-758,Female,40659
Jeffery Hernandez,jeffery_hernandez@gmail.com,2013-02-16 01:50:43,+62(296)-907-437-095,Male,27814
Jeffrey,jeffrey@gmail.com,2022-02-16 01:50:44.182743,+137(313)-621-908-311,Female,45778
Jeffrey Singletary,jeffrey_singletary@gmail.com,1996-02-16 01:50:43,+56(645)-951-577-631,Male,36590
Jennie,jennie@gmail.com,2022-02-16 01:50:44.183740,+495(331)-048-189-182,Male,78623
Jennifer,jennifer@gmail.com,2022-02-16 01:50:44.183740,+650(631)-782-934-654,Male,18197
Jennifer,jennifer@gmail.com,2022-02-16 01:50:44.183740,+58(105)-127-024-759,Female,34013
Jennifer,jennifer@gmail.com,2022-02-16 01:50:44.183740,+807(224)-179-723-020,Female,76113
Jennifer,jennifer@gmail.com,2022-02-16 01:50:44.183740,+566(350)-916-636-421,Male,99985
Jennifer,jennifer@gmail.com,2022-02-16 01:50:44.183740,+67(179)-731-216-182,Female,42401
Jennifer Held,jennifer_held@gmail.com,1982-02-16 01:50:43,+46(277)-276-733-842,Female,31001
Jeremiah Grimm,jeremiah_grimm@gmail.com,2011-02-16 01:50:43,+82(179)-652-771-745,Male,60438
Jeremy,jeremy@gmail.com,2022-02-16 01:50:44.183740,+172(441)-902-175-630,Male,73559
Jerome Anderson,jerome_anderson@gmail.com,2002-02-16 01:50:43,+40(913)-746-635-839,Male,65930
Jerome Turner,jerome_turner@gmail.com,1996-02-16 01:50:43,+32(779)-436-640-861,Male,49151
Jerry,jerry@gmail.com,2022-02-16 01:50:44.183740,+878(121)-523-846-550,Female,12109
Jess,jess@gmail.com,2022-02-16 01:50:44.183740,+470(636)-122-179-272,Female,49408
Jesse,jesse@gmail.com,2022-02-16 01:50:44.183740,+343(908)-231-627-646,Male,35976
Jesse,jesse@gmail.com,2022-02-16 01:50:44.183740,+964(855)-706-802-415,Female,72447
Jesse Jacob,jesse_jacob@gmail.com,2016-02-16 01:50:43,+89(272)-109-174-385,Female,58719
Jessi Ybarra,jessi_ybarra@gmail.com,2001-02-16 01:50:43,+76(032)-433-666-117,Female,20394
Jessica,jessica@gmail.com,2022-02-16 01:50:44.183740,+523(790)-829-520-686,Male,39975
Jessica Mullins,jessica_mullins@gmail.com,1980-02-16 01:50:43,+69(653)-654-212-242,Male,9279
Jill Hill,jill_hill@gmail.com,2013-02-16 01:50:43,+65(723)-924-064-808,Male,37146
Jim,jim@gmail.com,2022-02-16 01:50:44.183740,+217(317)-714-837-072,Female,72156
Joan,joan@gmail.com,2022-02-16 01:50:44.183740,+456(878)-456-770-127,Female,50737
Joan,joan@gmail.com,2022-02-16 01:50:44.183740,+672(415)-666-365-828,Female,32669
Joan Straus,joan_straus@gmail.com,1995-02-16 01:50:43,+68(893)-577-059-859,Male,89440
Joann,joann@gmail.com,2022-02-16 01:50:44.183740,+554(007)-983-918-054,Male,93944
Joanne,joanne@gmail.com,2022-02-16 01:50:44.183740,+870(911)-766-977-162,Male,82162
Joanne,joanne@gmail.com,2022-02-16 01:50:44.183740,+595(474)-507-706-300,Male,35680
Joanne Luna,joanne_luna@gmail.com,2004-02-16 01:50:43,+96(711)-910-787-109,Male,62189
Jocelyn Flores,jocelyn_flores@gmail.com,1994-02-16 01:50:43,+42(639)-806-708-012,Male,43815
Joe,joe@gmail.com,2022-02-16 01:50:44.183740,+674(102)-048-764-162,Female,26159
Joe,joe@gmail.com,2022-02-16 01:50:44.183740,+24(158)-348-162-798,Female,47903
Joe Bean,joe_bean@gmail.com,1984-02-16 01:50:43,+87(341)-976-109-428,Male,59726
Joe Jaskolski,joe_jaskolski@gmail.com,2007-02-16 01:50:43,+47(853)-529-659-942,Female,33703
Joel Melton,joel_melton@gmail.com,2019-02-16 01:50:43,+64(294)-045-127-479,Female,51733
John,john@gmail.com,2022-02-16 01:50:44.183740,+730(475)-149-713-283,Female,76085
John,john@gmail.com,2022-02-16 01:50:44.183740,+158(343)-805-892-270,Male,50751
John,john@gmail.com,2022-02-16 01:50:44.183740,+529(585)-148-565-326,Male,58462
John,john@gmail.com,2022-02-16 01:50:44.183740,+775(112)-831-848-945,Male,63217
John,john@gmail.com,2022-02-16 01:50:44.183740,+135(822)-914-227-429,Female,8129
John,john@gmail.com,2022-02-16 01:50:44.183740,+151(285)-310-138-529,Female,3911
John,john@gmail.com,2022-02-16 01:50:44.183740,+877(948)-534-507-453,Male,85504
John,john@gmail.com,2022-02-16 01:50:44.183740,+60(686)-919-785-227,Male,62020
John,john@gmail.com,2022-02-16 01:50:44.183740,+166(751)-126-414-360,Female,93779
John Chavez,john_chavez@gmail.com,2015-02-16 01:50:43,+97(181)-282-604-447,Female,84361
John Cruz,john_cruz@gmail.com,1995-02-16 01:50:43,+31(257)-573-111-937,Female,87315
John Evens,john_evens@gmail.com,2017-02-16 01:50:43,+25(466)-599-624-772,Female,32396
John Gero,john_gero@gmail.com,1994-02-16 01:50:43,+2(475)-573-346-574,Male,49504
John Gonzalez,john_gonzalez@gmail.com,2006-02-16 01:50:43,+79(317)-060-525-986,Female,72378
John Henderson,john_henderson@gmail.com,1987-02-16 01:50:43,+48(443)-517-113-216,Male,2932
John Holcombe,john_holcombe@gmail.com,2006-02-16 01:50:43,+39(170)-360-404-987,Female,66385
John Loughner,john_loughner@gmail.com,1997-02-16 01:50:43,+11(891)-136-241-042,Female,85388
John Robinson,john_robinson@gmail.com,1992-02-16 01:50:43,+92(535)-919-287-225,Female,6583
John Sergio,john_sergio@gmail.com,2002-02-16 01:50:43,+22(200)-195-610-780,Male,40706
John Smith,john_smith@gmail.com,2007-02-16 01:50:43,+72(025)-199-652-517,Male,77476
Johnnie Ford,johnnie_ford@gmail.com,2012-02-16 01:50:43,+9(074)-926-101-892,Male,4113
Johnny,johnny@gmail.com,2022-02-16 01:50:44.183740,+596(007)-842-648-385,Male,14342
Johnny,johnny@gmail.com,2022-02-16 01:50:44.183740,+924(940)-581-240-052,Male,95322
Johnny Martin,johnny_martin@gmail.com,2011-02-16 01:50:43,+59(698)-652-175-277,Male,85869
Jon,jon@gmail.com,2022-02-16 01:50:44.183740,+410(902)-040-782-504,Male,17985
Jon Goad,jon_goad@gmail.com,2004-02-16 01:50:43,+18(173)-970-655-126,Male,78516
Jonathan,jonathan@gmail.com,2022-02-16 01:50:44.183740,+102(488)-579-887-449,Male,50082
Jonathan,jonathan@gmail.com,2022-02-16 01:50:44.183740,+815(101)-277-518-972,Male,41322
Jonathan Parr,jonathan_parr@gmail.com,2010-02-16 01:50:43,+90(994)-467-630-464,Female,98144
Jorge Woolsey,jorge_woolsey@gmail.com,2012-02-16 01:50:43,+15(186)-267-664-463,Female,58203
Jose,jose@gmail.com,2022-02-16 01:50:44.183740,+386(490)-923-257-027,Male,52805
Jose,jose@gmail.com,2022-02-16 01:50:44.183740,+453(142)-086-571-119,Male,84602
Joseph,joseph@gmail.com,2022-02-16 01:50:44.183740,+586(761)-802-704-090,Male,86277
Joseph,joseph@gmail.com,2022-02-16 01:50:44.184735,+575(744)-705-262-181,Male,96725
Joseph,joseph@gmail.com,2022-02-16 01:50:44.184735,+915(364)-579-487-905,Male,42099
Joseph,joseph@gmail.com,2022-02-16 01:50:44.184735,+144(035)-624-467-501,Male,82311
Joseph,joseph@gmail.com,2022-02-16 01:50:44.184735,+123(690)-016-379-817,Male,66267
Joseph,joseph@gmail.com,2022-02-16 01:50:44.184735,+596(107)-658-642-870,Male,98932
Joseph Cox,joseph_cox@gmail.com,2009-02-16 01:50:43,+74(344)-880-196-420,Male,80204
Joseph Johnson,joseph_johnson@gmail.com,1995-02-16 01:50:43,+16(094)-949-524-751,Female,89462
Joseph Jones,joseph_jones@gmail.com,2014-02-16 01:50:43,+40(557)-078-029-530,Male,11504
Joseph Spence,joseph_spence@gmail.com,2008-02-16 01:50:43,+91(117)-225-626-817,Male,75621
Josephine,josephine@gmail.com,2022-02-16 01:50:44.184735,+709(816)-519-011-246,Male,51843
Josephine,josephine@gmail.com,2022-02-16 01:50:44.184735,+351(949)-310-957-687,Female,56629
Joshua Canterbury,joshua_canterbury@gmail.com,2006-02-16 01:50:43,+65(230)-017-022-926,Male,12158
Joshua Taylor,joshua_taylor@gmail.com,2013-02-16 01:50:43,+6(457)-403-687-602,Male,64145
Joshua Zimmerman,joshua_zimmerman@gmail.com,2002-02-16 01:50:43,+86(753)-404-109-514,Male,94841
Josue,josue@gmail.com,2022-02-16 01:50:44.184735,+768(409)-986-913-879,Male,4638
Joye Lyons,joye_lyons@gmail.com,2020-02-16 01:50:43,+40(241)-580-517-195,Male,3569
Juan,juan@gmail.com,2022-02-16 01:50:44.184735,+162(751)-204-775-807,Female,50788
Juanita,juanita@gmail.com,2022-02-16 01:50:44.184735,+496(838)-965-410-317,Male,84350
Judith,judith@gmail.com,2022-02-16 01:50:44.184735,+918(556)-664-741-609,Male,37046
Judith,judith@gmail.com,2022-02-16 01:50:44.184735,+126(465)-900-614-085,Male,83866
Judith Wolf,judith_wolf@gmail.com,2004-02-16 01:50:43,+16(175)-565-542-967,Male,54120
Judy,judy@gmail.com,2022-02-16 01:50:44.184735,+10(286)-865-586-859,Female,18525
Judy,judy@gmail.com,2022-02-16 01:50:44.184735,+451(185)-761-189-137,Male,86444
Judy Emery,judy_emery@gmail.com,1980-02-16 01:50:43,+24(854)-685-643-027,Male,66507
Julia,julia@gmail.com,2022-02-16 01:50:44.184735,+147(543)-131-042-036,Male,9814
Julie,julie@gmail.com,2022-02-16 01:50:44.184735,+5(153)-070-775-667,Male,57398
Julie,julie@gmail.com,2022-02-16 01:50:44.184735,+181(395)-367-963-824,Male,50008
Julie Lansdell,julie_lansdell@gmail.com,2007-02-16 01:50:43,+52(920)-386-827-353,Male,17285
Julie Thomas,julie_thomas@gmail.com,2005-02-16 01:50:43,+45(570)-170-720-373,Male,21242
Julie Wright,julie_wright@gmail.com,2018-02-16 01:50:43,+58(330)-443-583-216,Male,4418
Juliette Pino,juliette_pino@gmail.com,1996-02-16 01:50:43,+65(618)-474-963-329,Female,19106
June,june@gmail.com,2022-02-16 01:50:44.184735,+392(918)-840-553-878,Female,26630
June Martinez,june_martinez@gmail.com,2021-02-16 01:50:43,+22(929)-905-912-476,Male,31070
Justin Hatcher,justin_hatcher@gmail.com,1995-02-16 01:50:43,+45(656)-234-119-946,Female,20111
Kaila Hollis,kaila_hollis@gmail.com,2016-02-16 01:50:43,+87(027)-162-249-645,Male,61020
Kandi,kandi@gmail.com,2022-02-16 01:50:44.184735,+811(461)-694-827-525,Female,60692
Kara,kara@gmail.com,2022-02-16 01:50:44.184735,+466(730)-102-143-002,Male,20269
Karen,karen@gmail.com,2022-02-16 01:50:44.184735,+887(189)-977-989-733,Female,49364
Karen,karen@gmail.com,2022-02-16 01:50:44.184735,+1(519)-514-347-896,Male,83722
Karen,karen@gmail.com,2022-02-16 01:50:44.184735,+334(318)-339-946-231,Female,89896
Karen,karen@gmail.com,2022-02-16 01:50:44.184735,+820(257)-469-832-811,Female,90080
Karen Wagner,karen_wagner@gmail.com,2002-02-16 01:50:43,+66(254)-205-823-756,Female,48157
Karin,karin@gmail.com,2022-02-16 01:50:44.184735,+104(228)-513-225-735,Female,72666
Katherine Ward,katherine_ward@gmail.com,2001-02-16 01:50:43,+15(828)-304-954-022,Male,65405
Katherine Wolfrum,katherine_wolfrum@gmail.com,1989-02-16 01:50:43,+40(624)-870-437-617,Female,56715
Katherine Woodson,katherine_woodson@gmail.com,2001-02-16 01:50:43,+69(559)-468-668-604,Female,82420
Kathleen,kathleen@gmail.com,2022-02-16 01:50:44.184735,+190(688)-017-136-630,Male,14208
Katie,katie@gmail.com,2022-02-16 01:50:44.184735,+136(396)-284-658-743,Female,86679
Keith,keith@gmail.com,2022-02-16 01:50:44.184735,+491(106)-953-353-624,Male,50465
Kelly Ojeda,kelly_ojeda@gmail.com,2007-02-16 01:50:43,+81(865)-021-107-226,Male,60435
Kelly Samples,kelly_samples@gmail.com,2007-02-16 01:50:43,+79(596)-002-919-609,Male,13769
Kelsey,kelsey@gmail.com,2022-02-16 01:50:44.184735,+615(289)-469-629-149,Female,61094
Ken Kipping,ken_kipping@gmail.com,2006-02-16 01:50:43,+44(778)-587-591-793,Male,17199
Kenneth,kenneth@gmail.com,2022-02-16 01:50:44.184735,+436(062)-216-871-852,Female,14033
Kenneth,kenneth@gmail.com,2022-02-16 01:50:44.184735,+511(868)-992-422-075,Female,16966
Kenneth,kenneth@gmail.com,2022-02-16 01:50:44.184735,+377(816)-319-113-431,Male,53789
Kenneth,kenneth@gmail.com,2022-02-16 01:50:44.184735,+659(592)-378-683-340,Male,88953
Kenneth Bullard,kenneth_bullard@gmail.com,2003-02-16 01:50:43,+29(900)-393-433-961,Female,48182
Kenneth Shipley,kenneth_shipley@gmail.com,1997-02-16 01:50:43,+70(130)-005-347-281,Male,62008
Kent,kent@gmail.com,2022-02-16 01:50:44.184735,+17(951)-905-862-587,Male,67804
Kerry Rodriguez,kerry_rodriguez@gmail.com,1988-02-16 01:50:43,+82(494)-719-174-420,Male,46991
Kevin,kevin@gmail.com,2022-02-16 01:50:44.184735,+929(247)-012-160-383,Female,13599
Kevin,kevin@gmail.com,2022-02-16 01:50:44.184735,+697(263)-787-612-433,Male,97930
Kevin Barile,kevin_barile@gmail.com,1987-02-16 01:50:43,+27(862)-354-460-461,Female,8072
Kim,kim@gmail.com,2022-02-16 01:50:44.184735,+600(538)-375-571-025,Male,47518
Kimberly,kimberly@gmail.com,2022-02-16 01:50:44.184735,+646(505)-256-066-236,Female,92623
Kimberly,kimberly@gmail.com,2022-02-16 01:50:44.184735,+716(547)-188-644-820,Male,54036
Kimberly,kimberly@gmail.com,2022-02-16 01:50:44.184735,+582(267)-582-711-352,Male,85442
Kimberly,kimberly@gmail.com,2022-02-16 01:50:44.184735,+264(846)-746-177-939,Male,38388
Kimberly,kimberly@gmail.com,2022-02-16 01:50:44.184735,+725(242)-890-921-874,Female,95648
Kimberly Holmes,kimberly_holmes@gmail.com,2013-02-16 01:50:43,+46(671)-546-587-727,Male,77667
Kimbery,kimbery@gmail.com,2022-02-16 01:50:44.185732,+165(035)-143-638-557,Female,91432
Krista,krista@gmail.com,2022-02-16 01:50:44.185732,+776(367)-360-770-816,Male,67198
Kristy Musgrove,kristy_musgrove@gmail.com,2002-02-16 01:50:43,+11(051)-563-551-410,Female,15849
Krystal Scharich,krystal_scharich@gmail.com,2008-02-16 01:50:43,+38(398)-384-009-356,Male,38693
Kyle Cullen,kyle_cullen@gmail.com,2007-02-16 01:50:43,+56(417)-661-489-307,Male,1919
Lara,lara@gmail.com,2022-02-16 01:50:44.185732,+707(827)-899-123-887,Male,90012
Larry,larry@gmail.com,2022-02-16 01:50:44.185732,+128(079)-811-925-348,Male,11556
Larry Bowler,larry_bowler@gmail.com,1988-02-16 01:50:43,+49(341)-055-727-462,Female,57974
Larry Lieberman,larry_lieberman@gmail.com,2006-02-16 01:50:43,+83(851)-818-280-790,Female,36602
Latisha Kipp,latisha_kipp@gmail.com,2015-02-16 01:50:43,+31(585)-818-390-475,Female,12043
Latonya Weaver,latonya_weaver@gmail.com,2004-02-16 01:50:43,+74(720)-359-691-646,Male,3709
Laura,laura@gmail.com,2022-02-16 01:50:44.185732,+25(346)-106-855-864,Female,41973
Laura Brugger,laura_brugger@gmail.com,2009-02-16 01:50:43,+98(848)-768-871-723,Male,63354
Laura Foster,laura_foster@gmail.com,2005-02-16 01:50:43,+91(078)-217-089-587,Male,66835
Laura Swift,laura_swift@gmail.com,2007-02-16 01:50:43,+83(422)-658-476-412,Female,25966
Lavette Porter,lavette_porter@gmail.com,2018-02-16 01:50:43,+1(824)-131-242-601,Female,78388
Lawrence Pies,lawrence_pies@gmail.com,1982-02-16 01:50:43,+99(612)-776-349-886,Male,7670
Lea,lea@gmail.com,2022-02-16 01:50:44.185732,+140(789)-596-739-070,Male,1061
Lee Jackson,lee_jackson@gmail.com,2010-02-16 01:50:43,+36(800)-589-244-060,Male,18883
Leon Cain,leon_cain@gmail.com,2001-02-16 01:50:43,+55(776)-464-337-446,Male,56320
Leonard,leonard@gmail.com,2022-02-16 01:50:44.185732,+379(795)-195-324-024,Female,50359
Leslie,leslie@gmail.com,2022-02-16 01:50:44.185732,+689(786)-478-013-055,Female,73205
Lewis Kramer,lewis_kramer@gmail.com,1997-02-16 01:50:43,+60(106)-484-619-023,Female,73939
Liana,liana@gmail.com,2022-02-16 01:50:44.185732,+710(648)-928-625-775,Male,65454
Lilia,lilia@gmail.com,2022-02-16 01:50:44.185732,+141(272)-610-084-369,Female,71333
Lilla,lilla@gmail.com,2022-02-16 01:50:44.185732,+99(183)-083-440-427,Female,92378
Lillian Peterson,lillian_peterson@gmail.com,2001-02-16 01:50:43,+90(129)-397-125-543,Female,64191
Linda,linda@gmail.com,2022-02-16 01:50:44.185732,+180(359)-061-288-178,Male,3614
Linda,linda@gmail.com,2022-02-16 01:50:44.185732,+434(513)-429-479-720,Male,15416
Linda,linda@gmail.com,2022-02-16 01:50:44.185732,+724(325)-713-672-702,Male,3000
Linda Budde,linda_budde@gmail.com,2013-02-16 01:50:43,+41(898)-752-516-771,Female,58060
Lisa,lisa@gmail.com,2022-02-16 01:50:44.185732,+931(237)-996-597-738,Male,42516
Lisa,lisa@gmail.com,2022-02-16 01:50:44.185732,+811(570)-355-426-584,Female,20421
Lisa Swart,lisa_swart@gmail.com,2019-02-16 01:50:43,+61(263)-104-595-513,Male,78316
Lizzie Tilson,lizzie_tilson@gmail.com,2006-02-16 01:50:43,+70(754)-048-306-606,Male,13238
Lloyd Jones,lloyd_jones@gmail.com,2008-02-16 01:50:43,+30(352)-851-453-953,Male,2679
Logan True,logan_true@gmail.com,1998-02-16 01:50:43,+6(326)-817-721-185,Male,18779
Lonnie,lonnie@gmail.com,2022-02-16 01:50:44.185732,+945(940)-800-169-205,Female,57320
Lorene Mateo,lorene_mateo@gmail.com,2019-02-16 01:50:43,+98(683)-421-526-704,Female,85335
Lorenzo Mcintosh,lorenzo_mcintosh@gmail.com,2011-02-16 01:50:43,+96(290)-792-440-353,Female,94017
Loretta,loretta@gmail.com,2022-02-16 01:50:44.185732,+734(966)-991-716-551,Male,75197
Lori,lori@gmail.com,2022-02-16 01:50:44.185732,+181(403)-862-147-203,Male,61219
Lori,lori@gmail.com,2022-02-16 01:50:44.185732,+853(201)-305-902-865,Male,48350
Lori,lori@gmail.com,2022-02-16 01:50:44.185732,+113(850)-075-732-901,Female,13067
Lori Mangino,lori_mangino@gmail.com,1998-02-16 01:50:43,+98(549)-054-915-870,Female,97010
Louie Nelson,louie_nelson@gmail.com,2001-02-16 01:50:43,+69(739)-223-463-788,Female,26110
Louis Svoboda,louis_svoboda@gmail.com,2007-02-16 01:50:43,+12(619)-109-257-252,Female,36204
Louise,louise@gmail.com,2022-02-16 01:50:44.185732,+675(376)-604-275-793,Male,5565
Louise,louise@gmail.com,2022-02-16 01:50:44.185732,+707(846)-017-423-859,Female,18209
Lovella,lovella@gmail.com,2022-02-16 01:50:44.185732,+31(935)-871-425-753,Female,21632
Lowell,lowell@gmail.com,2022-02-16 01:50:44.185732,+806(168)-015-171-122,Female,83412
Lucille,lucille@gmail.com,2022-02-16 01:50:44.185732,+300(865)-642-652-938,Female,74902
Lucinda,lucinda@gmail.com,2022-02-16 01:50:44.185732,+694(497)-999-225-626,Female,41577
Lucy,lucy@gmail.com,2022-02-16 01:50:44.185732,+76(825)-585-037-491,Male,23834
Luke,luke@gmail.com,2022-02-16 01:50:44.185732,+881(049)-044-409-349,Female,7686
Luz Acevedo,luz_acevedo@gmail.com,2005-02-16 01:50:43,+58(532)-803-473-229,Female,18500
Lynda,lynda@gmail.com,2022-02-16 01:50:44.185732,+694(864)-279-421-118,Male,84235
Lynn,lynn@gmail.com,2022-02-16 01:50:44.185732,+635(497)-851-825-475,Male,50928
Mabel,mabel@gmail.com,2022-02-16 01:50:44.185732,+302(207)-632-742-754,Female,53064
Magdalena,magdalena@gmail.com,2022-02-16 01:50:44.185732,+763(600)-736-174-329,Female,76771
Mandi Sauer,mandi_sauer@gmail.com,2015-02-16 01:50:43,+58(147)-799-935-068,Male,60317
Marc,marc@gmail.com,2022-02-16 01:50:44.185732,+538(338)-594-796-061,Male,93339
Marc Huber,marc_huber@gmail.com,1998-02-16 01:50:43,+97(711)-602-124-802,Male,34728
Marcus Hendricks,marcus_hendricks@gmail.com,2001-02-16 01:50:43,+75(077)-273-134-615,Male,46653
Margaret Cunningham,margaret_cunningham@gmail.com,2021-02-16 01:50:43,+80(466)-310-319-308,Male,63551
Margaret Dark,margaret_dark@gmail.com,2000-02-16 01:50:43,+77(109)-272-742-931,Female,80396
Margaret Smith,margaret_smith@gmail.com,1992-02-16 01:50:43,+90(573)-679-069-102,Male,69042
Margarita,margarita@gmail.com,2022-02-16 01:50:44.185732,+884(841)-184-799-119,Male,49558
Maria,maria@gmail.com,2022-02-16 01:50:44.185732,+641(807)-684-460-753,Male,72430
Maria Cavaretta,maria_cavaretta@gmail.com,2003-02-16 01:50:43,+19(508)-860-559-270,Female,87904
Maria Ramirez,maria_ramirez@gmail.com,2000-02-16 01:50:43,+53(875)-434-267-284,Female,10274
Maria West,maria_west@gmail.com,2012-02-16 01:50:43,+2(576)-784-675-442,Male,61030
Maricela,maricela@gmail.com,2022-02-16 01:50:44.185732,+838(753)-398-055-079,Female,19547
Marie,marie@gmail.com,2022-02-16 01:50:44.185732,+173(039)-985-433-527,Male,50525
Marie,marie@gmail.com,2022-02-16 01:50:44.186730,+30(150)-103-765-135,Male,52786
Marina,marina@gmail.com,2022-02-16 01:50:44.186730,+672(198)-967-849-446,Female,94824
Marion Montgomery,marion_montgomery@gmail.com,2013-02-16 01:50:43,+91(128)-431-053-247,Male,32862
Marisa,marisa@gmail.com,2022-02-16 01:50:44.186730,+212(176)-853-177-033,Male,80286
Marisol Griffey,marisol_griffey@gmail.com,2019-02-16 01:50:43,+72(771)-705-860-172,Male,5438
Mark,mark@gmail.com,2022-02-16 01:50:44.186730,+845(974)-448-669-427,Female,68294
Mark,mark@gmail.com,2022-02-16 01:50:44.186730,+313(233)-395-023-352,Male,98266
Mark,mark@gmail.com,2022-02-16 01:50:44.186730,+286(399)-966-973-084,Female,58934
Mark Mcneil,mark_mcneil@gmail.com,2014-02-16 01:50:43,+35(193)-796-169-557,Male,6704
Mark Smith,mark_smith@gmail.com,2018-02-16 01:50:43,+19(800)-739-067-401,Female,96989
Mark Weathers,mark_weathers@gmail.com,2006-02-16 01:50:43,+32(642)-315-432-871,Male,41184
Marlene,marlene@gmail.com,2022-02-16 01:50:44.186730,+423(633)-428-111-865,Male,79880
Martha Curtis,martha_curtis@gmail.com,2016-02-16 01:50:43,+42(767)-568-647-682,Male,13526
Martin,martin@gmail.com,2022-02-16 01:50:44.186730,+696(526)-118-924-214,Male,57182
Martin,martin@gmail.com,2022-02-16 01:50:44.186730,+576(474)-007-563-116,Female,55378
Martin Hemphill,martin_hemphill@gmail.com,1999-02-16 01:50:43,+8(145)-488-513-556,Female,41207
Martin Vaccaro,martin_vaccaro@gmail.com,1996-02-16 01:50:43,+10(602)-225-289-704,Female,90522
Marvin Northern,marvin_northern@gmail.com,2001-02-16 01:50:43,+34(721)-161-918-728,Female,58874
Mary,mary@gmail.com,2022-02-16 01:50:44.186730,+521(940)-884-604-174,Male,48170
Mary,mary@gmail.com,2022-02-16 01:50:44.186730,+284(130)-079-812-566,Male,68345
Mary,mary@gmail.com,2022-02-16 01:50:44.186730,+307(796)-463-269-258,Female,67205
Mary,mary@gmail.com,2022-02-16 01:50:44.186730,+193(212)-958-729-379,Female,84416
Mary,mary@gmail.com,2022-02-16 01:50:44.186730,+891(474)-160-676-071,Male,65117
Mary,mary@gmail.com,2022-02-16 01:50:44.186730,+277(960)-615-891-182,Female,90752
Mary Bieniek,mary_bieniek@gmail.com,2012-02-16 01:50:43,+31(276)-351-980-051,Female,40990
Mary Fonua,mary_fonua@gmail.com,2001-02-16 01:50:43,+25(753)-784-460-151,Male,85374
Mary Kee,mary_kee@gmail.com,2009-02-16 01:50:43,+37(375)-360-627-548,Female,74543
Mary Martin,mary_martin@gmail.com,2016-02-16 01:50:43,+92(535)-869-898-914,Male,3429
Mary Mcgee,mary_mcgee@gmail.com,1992-02-16 01:50:43,+58(604)-426-496-189,Male,30256
Mary Sweet,mary_sweet@gmail.com,2012-02-16 01:50:43,+35(391)-654-166-033,Female,33360
Maryanne,maryanne@gmail.com,2022-02-16 01:50:44.186730,+419(323)-172-160-411,Female,95217
Matthew,matthew@gmail.com,2022-02-16 01:50:44.186730,+255(537)-646-831-795,Female,91316
Matthew,matthew@gmail.com,2022-02-16 01:50:44.186730,+218(815)-677-195-526,Male,42841
Matthew,matthew@gmail.com,2022-02-16 01:50:44.186730,+42(601)-560-086-550,Female,73903
Matthew,matthew@gmail.com,2022-02-16 01:50:44.186730,+828(501)-339-631-091,Female,87672
Matthew,matthew@gmail.com,2022-02-16 01:50:44.186730,+19(719)-228-193-069,Female,81441
Matthew Moore,matthew_moore@gmail.com,2018-02-16 01:50:43,+23(653)-464-564-993,Female,79316
Megan,megan@gmail.com,2022-02-16 01:50:44.186730,+390(825)-715-017-165,Male,34149
Megan,megan@gmail.com,2022-02-16 01:50:44.186730,+783(579)-635-035-890,Male,54432
Megan Moorhead,megan_moorhead@gmail.com,2000-02-16 01:50:43,+91(098)-826-216-399,Female,40558
Melanie,melanie@gmail.com,2022-02-16 01:50:44.186730,+(312)-367-632-631,Male,52372
Melinda,melinda@gmail.com,2022-02-16 01:50:44.186730,+116(324)-410-196-505,Female,20300
Melissa,melissa@gmail.com,2022-02-16 01:50:44.186730,+475(182)-057-844-426,Female,91217
Melissa,melissa@gmail.com,2022-02-16 01:50:44.186730,+132(687)-052-754-805,Male,38243
Melissa,melissa@gmail.com,2022-02-16 01:50:44.186730,+511(859)-095-888-074,Female,38369
Melissa Meadows,melissa_meadows@gmail.com,2014-02-16 01:50:43,+75(492)-594-228-160,Male,40958
Melissia Smith,melissia_smith@gmail.com,2021-02-16 01:50:43,+83(610)-123-544-121,Male,94572
Melvin Curtin,melvin_curtin@gmail.com,2020-02-16 01:50:43,+94(901)-963-929-818,Male,72913
Meredith,meredith@gmail.com,2022-02-16 01:50:44.186730,+638(576)-209-541-367,Male,73827
Michael,michael@gmail.com,2022-02-16 01:50:44.186730,+962(093)-606-022-891,Female,24748
Michael,michael@gmail.com,2022-02-16 01:50:44.186730,+874(069)-919-469-139,Female,71255
Michael,michael@gmail.com,2022-02-16 01:50:44.186730,+467(696)-884-075-833,Male,61857
Michael,michael@gmail.com,2022-02-16 01:50:44.186730,+111(060)-753-757-173,Male,44673
Michael,michael@gmail.com,2022-02-16 01:50:44.186730,+922(038)-771-048-978,Female,9748
Michael,michael@gmail.com,2022-02-16 01:50:44.186730,+139(870)-218-966-366,Male,35140
Michael,michael@gmail.com,2022-02-16 01:50:44.186730,+175(539)-228-660-768,Male,52395
Michael,michael@gmail.com,2022-02-16 01:50:44.186730,+280(775)-130-616-864,Male,71262
Michael,michael@gmail.com,2022-02-16 01:50:44.186730,+334(445)-396-001-311,Male,36110
Michael,michael@gmail.com,2022-02-16 01:50:44.186730,+822(556)-782-034-323,Male,17599
Michael,michael@gmail.com,2022-02-16 01:50:44.186730,+482(885)-690-684-113,Female,20122
Michael,michael@gmail.com,2022-02-16 01:50:44.186730,+304(874)-081-558-663,Male,55263
Michael,michael@gmail.com,2022-02-16 01:50:44.186730,+736(842)-628-039-326,Male,20604
Michael,michael@gmail.com,2022-02-16 01:50:44.186730,+623(020)-699-629-774,Male,89981
Michael Carlson,michael_carlson@gmail.com,2008-02-16 01:50:43,+63(565)-734-468-840,Male,19642
Michael Dux,michael_dux@gmail.com,2016-02-16 01:50:43,+85(120)-142-871-910,Female,96688
Michael Haifley,michael_haifley@gmail.com,1998-02-16 01:50:43,+17(247)-846-108-378,Male,23559
Michael Holland,michael_holland@gmail.com,1992-02-16 01:50:43,+81(112)-866-410-422,Female,15467
Michael Hooper,michael_hooper@gmail.com,1995-02-16 01:50:43,+11(255)-128-190-772,Male,30864
Michael Krause,michael_krause@gmail.com,2009-02-16 01:50:43,+5(245)-256-741-259,Female,3717
Michael Nisbett,michael_nisbett@gmail.com,2012-02-16 01:50:43,+73(218)-109-135-308,Female,98617
Michael Roberts,michael_roberts@gmail.com,2020-02-16 01:50:43,+20(226)-816-406-346,Female,99796
Michael Scarlett,michael_scarlett@gmail.com,2010-02-16 01:50:43,+84(746)-617-581-817,Male,12466
Michael Slagle,michael_slagle@gmail.com,2018-02-16 01:50:43,+96(066)-205-320-240,Male,6897
Michelle,michelle@gmail.com,2022-02-16 01:50:44.187727,+384(816)-445-283-557,Female,74808
Michelle,michelle@gmail.com,2022-02-16 01:50:44.187727,+671(853)-926-605-051,Male,42288
Michelle Hook,michelle_hook@gmail.com,2007-02-16 01:50:43,+83(968)-630-169-285,Male,66046
Michelle Veal,michelle_veal@gmail.com,2014-02-16 01:50:43,+50(118)-375-458-071,Male,47612
Miguel,miguel@gmail.com,2022-02-16 01:50:44.187727,+406(920)-257-595-688,Female,56177
Mildred,mildred@gmail.com,2022-02-16 01:50:44.187727,+651(627)-659-939-327,Female,45041
Mildred,mildred@gmail.com,2022-02-16 01:50:44.187727,+531(133)-799-075-405,Female,19691
Mildred Fuller,mildred_fuller@gmail.com,1999-02-16 01:50:43,+11(277)-554-816-827,Male,90538
Millie,millie@gmail.com,2022-02-16 01:50:44.187727,+184(015)-004-424-232,Male,34548
Milton,milton@gmail.com,2022-02-16 01:50:44.187727,+804(436)-120-707-601,Male,97242
Miquel,miquel@gmail.com,2022-02-16 01:50:44.187727,+397(788)-803-011-252,Male,33399
Mitchell Catano,mitchell_catano@gmail.com,2015-02-16 01:50:43,+95(391)-561-674-436,Female,59996
Molly Vanzant,molly_vanzant@gmail.com,1981-02-16 01:50:43,+38(955)-359-704-813,Male,28403
Monica Madden,monica_madden@gmail.com,1997-02-16 01:50:43,+62(531)-718-554-215,Male,68469
Myrle,myrle@gmail.com,2022-02-16 01:50:44.187727,+441(495)-839-795-437,Female,84959
Myrna,myrna@gmail.com,2022-02-16 01:50:44.187727,+33(680)-439-217-055,Male,90856
Myrna,myrna@gmail.com,2022-02-16 01:50:44.187727,+971(611)-492-657-664,Female,74927
Myrtle,myrtle@gmail.com,2022-02-16 01:50:44.187727,+600(514)-429-995-627,Male,65760
Nancy,nancy@gmail.com,2022-02-16 01:50:44.187727,+199(806)-452-232-518,Female,86605
Nancy,nancy@gmail.com,2022-02-16 01:50:44.187727,+556(408)-872-383-436,Male,47963
Nancy Gardner,nancy_gardner@gmail.com,1991-02-16 01:50:43,+60(227)-368-191-174,Male,8578
Nanette Ramirez,nanette_ramirez@gmail.com,2016-02-16 01:50:43,+63(829)-186-146-380,Female,60967
Naomi,naomi@gmail.com,2022-02-16 01:50:44.187727,+588(894)-935-191-435,Male,49515
Natasha,natasha@gmail.com,2022-02-16 01:50:44.187727,+393(232)-094-421-471,Male,9983
Nathan Riley,nathan_riley@gmail.com,2004-02-16 01:50:43,+92(820)-238-464-426,Female,81021
Nathanial Martinez,nathanial_martinez@gmail.com,1998-02-16 01:50:43,+68(608)-890-075-575,Male,58996
Neil Burkett,neil_burkett@gmail.com,1985-02-16 01:50:43,+84(106)-439-468-551,Male,44396
Nichole Obermiller,nichole_obermiller@gmail.com,2006-02-16 01:50:43,+90(425)-920-534-756,Female,62022
Nicole Dietrich,nicole_dietrich@gmail.com,2003-02-16 01:50:43,+16(896)-858-618-248,Female,67687
Nicole Mellerson,nicole_mellerson@gmail.com,2006-02-16 01:50:43,+8(728)-811-438-478,Male,81973
Nida,nida@gmail.com,2022-02-16 01:50:44.187727,+274(110)-002-847-643,Male,90199
Nikki Matteo,nikki_matteo@gmail.com,2018-02-16 01:50:43,+67(822)-105-676-561,Male,85468
Nina,nina@gmail.com,2022-02-16 01:50:44.187727,+68(974)-853-133-629,Female,22674
Nola Heckman,nola_heckman@gmail.com,1995-02-16 01:50:43,+9(831)-722-121-545,Male,30663
Nolan Jerkins,nolan_jerkins@gmail.com,2016-02-16 01:50:43,+26(802)-356-884-280,Female,85307
Nora Mackson,nora_mackson@gmail.com,2001-02-16 01:50:43,+98(535)-691-682-612,Male,37875
Norma,norma@gmail.com,2022-02-16 01:50:44.187727,+626(814)-758-665-483,Male,50271
Norman,norman@gmail.com,2022-02-16 01:50:44.187727,+837(757)-164-500-515,Male,47407
Norman Murray,norman_murray@gmail.com,1983-02-16 01:50:43,+25(583)-379-621-646,Male,1647
Norman Schumacher,norman_schumacher@gmail.com,2008-02-16 01:50:43,+6(625)-906-574-403,Female,17872
Orlando,orlando@gmail.com,2022-02-16 01:50:44.187727,+777(467)-852-181-556,Female,34574
Orville,orville@gmail.com,2022-02-16 01:50:44.187727,+173(166)-668-423-644,Male,85016
Pamela,pamela@gmail.com,2022-02-16 01:50:44.187727,+701(296)-641-306-976,Male,28410
Pamela,pamela@gmail.com,2022-02-16 01:50:44.187727,+500(460)-212-312-164,Male,59038
Pamela Davis,pamela_davis@gmail.com,2003-02-16 01:50:43,+66(410)-042-533-349,Male,87046
Patricia,patricia@gmail.com,2022-02-16 01:50:44.187727,+901(843)-636-936-257,Female,16790
Patricia,patricia@gmail.com,2022-02-16 01:50:44.187727,+93(107)-498-216-796,Female,66105
Patricia,patricia@gmail.com,2022-02-16 01:50:44.187727,+467(384)-849-308-820,Female,67927
Patricia Englehardt,patricia_englehardt@gmail.com,2005-02-16 01:50:43,+97(924)-588-220-541,Female,74047
Patricia Holloway,patricia_holloway@gmail.com,2014-02-16 01:50:43,+50(432)-971-841-987,Female,77781
Patricia Magers,patricia_magers@gmail.com,2021-02-16 01:50:43,+37(706)-624-590-056,Male,5126
Patricia Raisley,patricia_raisley@gmail.com,2004-02-16 01:50:43,+83(910)-060-946-252,Male,66099
Patricia White,patricia_white@gmail.com,2011-02-16 01:50:43,+3(271)-555-410-416,Female,40533
Patrick Murray,patrick_murray@gmail.com,1986-02-16 01:50:43,+4(522)-985-476-312,Female,71979
Patrick Rivas,patrick_rivas@gmail.com,2017-02-16 01:50:43,+33(163)-963-664-662,Male,63565
Paul,paul@gmail.com,2022-02-16 01:50:44.187727,+136(199)-174-214-081,Male,62940
Paul,paul@gmail.com,2022-02-16 01:50:44.187727,+852(692)-794-158-169,Female,80683
Paul Byerly,paul_byerly@gmail.com,1995-02-16 01:50:43,+78(942)-795-873-705,Male,60167
Paul Gonzalez,paul_gonzalez@gmail.com,2007-02-16 01:50:43,+24(819)-282-470-862,Female,72875
Paula,paula@gmail.com,2022-02-16 01:50:44.187727,+514(491)-858-467-173,Female,79815
Paula Feliciano,paula_feliciano@gmail.com,1988-02-16 01:50:43,+82(333)-725-568-407,Male,42945
Peggy,peggy@gmail.com,2022-02-16 01:50:44.187727,+245(894)-613-916-005,Male,77763
Peter,peter@gmail.com,2022-02-16 01:50:44.187727,+875(445)-955-809-124,Male,2154
Peter,peter@gmail.com,2022-02-16 01:50:44.187727,+337(404)-590-740-570,Male,58236
Peter Smith,peter_smith@gmail.com,2008-02-16 01:50:43,+34(638)-143-854-584,Female,5165
Peter Wenrich,peter_wenrich@gmail.com,2016-02-16 01:50:43,+8(650)-889-888-373,Female,30048
Philomena Buggs,philomena_buggs@gmail.com,1983-02-16 01:50:43,+9(113)-471-856-192,Male,99791
Polly,polly@gmail.com,2022-02-16 01:50:44.188725,+504(631)-864-329-681,Male,28856
Rachael Groves,rachael_groves@gmail.com,2003-02-16 01:50:43,+25(236)-599-035-683,Female,11049
Rachel,rachel@gmail.com,2022-02-16 01:50:44.188725,+502(061)-130-544-006,Female,9032
Rachel Mcwilliams,rachel_mcwilliams@gmail.com,2011-02-16 01:50:43,+4(070)-852-105-047,Female,30451
Rae Coleman,rae_coleman@gmail.com,2004-02-16 01:50:43,+40(746)-741-416-013,Male,94172
Rafael Griffith,rafael_griffith@gmail.com,2018-02-16 01:50:43,+91(492)-588-345-092,Male,62915
Raleigh Erhardt,raleigh_erhardt@gmail.com,2006-02-16 01:50:43,+60(586)-876-732-353,Female,41100
Ralph,ralph@gmail.com,2022-02-16 01:50:44.188725,+54(394)-427-286-489,Female,24702
Ramiro Stacy,ramiro_stacy@gmail.com,1995-02-16 01:50:43,+98(492)-130-557-519,Female,13305
Ramon,ramon@gmail.com,2022-02-16 01:50:44.188725,+139(645)-222-566-079,Female,60928
Ramona Barrera,ramona_barrera@gmail.com,2017-02-16 01:50:43,+87(141)-789-096-443,Male,39003
Raymond Banks,raymond_banks@gmail.com,2012-02-16 01:50:43,+41(770)-242-247-705,Female,96213
Reba Edmonds,reba_edmonds@gmail.com,2013-02-16 01:50:43,+94(108)-265-324-774,Female,62043
Rebecca,rebecca@gmail.com,2022-02-16 01:50:44.188725,+819(795)-679-133-401,Female,63526
Reggie Strasser,reggie_strasser@gmail.com,2005-02-16 01:50:43,+40(864)-721-663-321,Male,4291
Regina Lucas,regina_lucas@gmail.com,2007-02-16 01:50:43,+61(810)-176-564-203,Female,80047
Renee,renee@gmail.com,2022-02-16 01:50:44.188725,+282(704)-805-577-771,Female,45256
Reuben,reuben@gmail.com,2022-02-16 01:50:44.188725,+861(329)-651-542-022,Male,20182
Rhonda,rhonda@gmail.com,2022-02-16 01:50:44.188725,+64(869)-773-805-907,Female,77066
Rhonda,rhonda@gmail.com,2022-02-16 01:50:44.188725,+31(440)-283-912-770,Female,74958
Richard,richard@gmail.com,2022-02-16 01:50:44.188725,+743(697)-789-241-651,Female,67785
Richard Basel,richard_basel@gmail.com,2003-02-16 01:50:43,+81(296)-113-766-119,Female,69494
Richard Brown,richard_brown@gmail.com,2008-02-16 01:50:43,+99(344)-676-542-950,Male,27624
Richard Garcia,richard_garcia@gmail.com,1994-02-16 01:50:43,+20(326)-460-404-140,Male,60730
Richard Hecker,richard_hecker@gmail.com,2021-02-16 01:50:43,+6(411)-675-056-293,Female,89723
Richard Nicholas,richard_nicholas@gmail.com,2010-02-16 01:50:43,+34(328)-523-146-236,Female,84217
Richard Riley,richard_riley@gmail.com,1993-02-16 01:50:43,+32(704)-802-881-059,Female,59590
Richard Wallace,richard_wallace@gmail.com,2016-02-16 01:50:43,+26(112)-112-616-262,Male,3537
Ricky,ricky@gmail.com,2022-02-16 01:50:44.188725,+359(104)-997-415-164,Male,30040
Robert,robert@gmail.com,2022-02-16 01:50:44.188725,+783(024)-898-509-069,Female,63081
Robert,robert@gmail.com,2022-02-16 01:50:44.188725,+63(531)-178-499-403,Female,10753
Robert,robert@gmail.com,2022-02-16 01:50:44.188725,+633(642)-821-348-383,Female,18696
Robert,robert@gmail.com,2022-02-16 01:50:44.188725,+236(100)-082-065-827,Female,7104
Robert,robert@gmail.com,2022-02-16 01:50:44.188725,+223(509)-747-147-370,Female,23568
Robert,robert@gmail.com,2022-02-16 01:50:44.188725,+979(787)-710-304-060,Female,40133
Robert,robert@gmail.com,2022-02-16 01:50:44.188725,+728(615)-327-527-386,Male,67317
Robert,robert@gmail.com,2022-02-16 01:50:44.188725,+661(955)-912-013-279,Male,85572
Robert Cramer,robert_cramer@gmail.com,2006-02-16 01:50:43,+90(771)-556-370-395,Female,85132
Robert Dickey,robert_dickey@gmail.com,2005-02-16 01:50:43,+6(937)-823-404-834,Male,48748
Robert Harland,robert_harland@gmail.com,2018-02-16 01:50:43,+97(868)-886-123-893,Female,62175
Robert Karl,robert_karl@gmail.com,1995-02-16 01:50:43,+68(672)-214-740-861,Female,87543
Robert Kilgore,robert_kilgore@gmail.com,2011-02-16 01:50:43,+87(269)-213-812-026,Male,70316
Robert Moise,robert_moise@gmail.com,2016-02-16 01:50:43,+81(558)-162-376-429,Female,2109
Roberta Cherry,roberta_cherry@gmail.com,2005-02-16 01:50:43,+29(422)-637-058-683,Male,37084
Robin Mrotek,robin_mrotek@gmail.com,2010-02-16 01:50:43,+25(312)-822-991-990,Male,87227
Rodolfo,rodolfo@gmail.com,2022-02-16 01:50:44.188725,+956(980)-983-690-343,Female,99064
Rodrick,rodrick@gmail.com,2022-02-16 01:50:44.188725,+920(018)-779-603-687,Male,76516
Roland Waters,roland_waters@gmail.com,2007-02-16 01:50:43,+86(727)-431-829-802,Male,89089
Ronald,ronald@gmail.com,2022-02-16 01:50:44.188725,+429(167)-142-348-415,Male,67938
Ronald,ronald@gmail.com,2022-02-16 01:50:44.188725,+996(984)-461-560-053,Male,20909
Ronald Wagaman,ronald_wagaman@gmail.com,2010-02-16 01:50:43,+39(299)-685-745-967,Female,89876
Rosa,rosa@gmail.com,2022-02-16 01:50:44.188725,+86(018)-065-476-486,Female,51856
Rosa,rosa@gmail.com,2022-02-16 01:50:44.188725,+486(238)-318-450-078,Male,40330
Rosa Kennedy,rosa_kennedy@gmail.com,2020-02-16 01:50:43,+98(401)-226-613-838,Female,70409
Rose,rose@gmail.com,2022-02-16 01:50:44.188725,+585(675)-064-798-575,Female,67460
Rose,rose@gmail.com,2022-02-16 01:50:44.188725,+455(967)-028-374-521,Male,3007
Rose,rose@gmail.com,2022-02-16 01:50:44.188725,+866(589)-512-450-779,Male,15265
Rosemary Bray,rosemary_bray@gmail.com,2016-02-16 01:50:43,+34(501)-008-125-553,Female,28291
Rosie Segarra,rosie_segarra@gmail.com,1993-02-16 01:50:43,+52(929)-756-680-743,Female,12585
Ross Locklear,ross_locklear@gmail.com,2002-02-16 01:50:43,+49(688)-173-798-195,Female,25776
Roxanne,roxanne@gmail.com,2022-02-16 01:50:44.188725,+609(792)-740-340-572,Female,31539
Ruth,ruth@gmail.com,2022-02-16 01:50:44.188725,+964(769)-285-553-787,Female,12065
Ruth,ruth@gmail.com,2022-02-16 01:50:44.188725,+651(355)-158-890-308,Female,55288
Ruth Koon,ruth_koon@gmail.com,2000-02-16 01:50:43,+39(927)-125-340-996,Female,89648
Ryan,ryan@gmail.com,2022-02-16 01:50:44.188725,+648(826)-697-503-168,Male,1821
Ryan Barbee,ryan_barbee@gmail.com,2020-02-16 01:50:43,+37(001)-971-896-496,Female,1882
Sallie Brown,sallie_brown@gmail.com,2002-02-16 01:50:43,+16(633)-527-001-181,Female,27223
Sally Kurian,sally_kurian@gmail.com,2008-02-16 01:50:43,+55(587)-119-620-669,Female,1168
Sammy,sammy@gmail.com,2022-02-16 01:50:44.188725,+674(481)-943-582-702,Male,83919
Sammy,sammy@gmail.com,2022-02-16 01:50:44.188725,+816(866)-853-270-932,Male,69323
Samuel Kibby,samuel_kibby@gmail.com,2016-02-16 01:50:43,+10(021)-020-656-896,Male,6152
Sandra,sandra@gmail.com,2022-02-16 01:50:44.188725,+350(955)-165-407-529,Female,73950
Sandra Campbell,sandra_campbell@gmail.com,2019-02-16 01:50:43,+86(022)-243-610-794,Female,84992
Sandra Lee,sandra_lee@gmail.com,2004-02-16 01:50:43,+2(217)-532-086-569,Male,61514
Sandra Propst,sandra_propst@gmail.com,2011-02-16 01:50:43,+10(297)-500-982-109,Female,37539
Sandra Quadnau,sandra_quadnau@gmail.com,2002-02-16 01:50:43,+87(953)-782-502-086,Female,46456
Sandra Sewell,sandra_sewell@gmail.com,1980-02-16 01:50:43,+82(610)-149-056-348,Female,41745
Sara,sara@gmail.com,2022-02-16 01:50:44.189722,+413(827)-373-025-719,Male,19003
Sara Mathews,sara_mathews@gmail.com,1995-02-16 01:50:43,+94(204)-794-320-712,Female,86871
Sarah,sarah@gmail.com,2022-02-16 01:50:44.189722,+521(296)-423-130-869,Male,78024
Sarah,sarah@gmail.com,2022-02-16 01:50:44.189722,+238(256)-939-494-266,Male,87738
Sarah,sarah@gmail.com,2022-02-16 01:50:44.189722,+448(313)-609-586-360,Male,35600
Sarah Griffin,sarah_griffin@gmail.com,2020-02-16 01:50:43,+24(963)-941-515-883,Female,18919
Scott,scott@gmail.com,2022-02-16 01:50:44.189722,+993(168)-343-065-976,Male,17333
Shane,shane@gmail.com,2022-02-16 01:50:44.189722,+329(474)-322-676-000,Male,82589
Shane,shane@gmail.com,2022-02-16 01:50:44.189722,+488(383)-816-769-474,Female,45996
Shane Trevino,shane_trevino@gmail.com,2004-02-16 01:50:43,+52(801)-118-991-686,Female,14540
Shannon,shannon@gmail.com,2022-02-16 01:50:44.189722,+579(665)-387-613-697,Female,28669
Sharon,sharon@gmail.com,2022-02-16 01:50:44.189722,+30(636)-899-831-789,Male,92523
Sharon Durall,sharon_durall@gmail.com,2012-02-16 01:50:43,+96(656)-748-545-898,Male,77112
Shawna,shawna@gmail.com,2022-02-16 01:50:44.189722,+455(706)-351-209-547,Female,92721
Sheila,sheila@gmail.com,2022-02-16 01:50:44.189722,+907(362)-885-468-742,Male,90746
Shenita Lovelace,shenita_lovelace@gmail.com,2018-02-16 01:50:43,+66(777)-468-041-726,Female,46722
Sherri,sherri@gmail.com,2022-02-16 01:50:44.189722,+789(027)-533-888-674,Female,44240
Sherri,sherri@gmail.com,2022-02-16 01:50:44.189722,+302(345)-273-397-862,Female,92291
Sherri,sherri@gmail.com,2022-02-16 01:50:44.189722,+139(424)-751-985-665,Male,1628
Sherrie,sherrie@gmail.com,2022-02-16 01:50:44.189722,+913(479)-401-120-531,Female,30600
Shirley,shirley@gmail.com,2022-02-16 01:50:44.189722,+906(467)-774-906-216,Female,79392
Shirley,shirley@gmail.com,2022-02-16 01:50:44.189722,+606(493)-489-924-662,Male,90463
Shirley Wylie,shirley_wylie@gmail.com,2020-02-16 01:50:43,+73(510)-696-339-580,Female,66699
Simon,simon@gmail.com,2022-02-16 01:50:44.189722,+92(135)-903-854-731,Male,27470
Sofia,sofia@gmail.com,2022-02-16 01:50:44.189722,+608(238)-301-760-732,Female,65010
Solomon,solomon@gmail.com,2022-02-16 01:50:44.189722,+597(278)-345-920-157,Female,31950
Sondra Younts,sondra_younts@gmail.com,2004-02-16 01:50:43,+58(997)-722-205-417,Female,25313
Sonia Stroh,sonia_stroh@gmail.com,2001-02-16 01:50:43,+96(949)-650-716-458,Female,76129
Sonya,sonya@gmail.com,2022-02-16 01:50:44.189722,+45(226)-629-974-173,Female,25546
Sonya Coronado,sonya_coronado@gmail.com,2004-02-16 01:50:43,+55(441)-034-695-111,Male,85297
Stacie Hill,stacie_hill@gmail.com,2010-02-16 01:50:43,+52(734)-458-204-282,Female,60297
Stanley,stanley@gmail.com,2022-02-16 01:50:44.189722,+557(104)-158-907-053,Male,17401
Stefanie,stefanie@gmail.com,2022-02-16 01:50:44.189722,+623(807)-882-091-969,Male,64383
Stella Lynn,stella_lynn@gmail.com,1980-02-16 01:50:43,+66(743)-028-036-277,Male,19223
Stephanie,stephanie@gmail.com,2022-02-16 01:50:44.189722,+564(762)-303-860-092,Female,31294
Stephanie,stephanie@gmail.com,2022-02-16 01:50:44.189722,+382(960)-707-353-927,Female,54549
Stephanie,stephanie@gmail.com,2022-02-16 01:50:44.189722,+467(668)-837-797-530,Male,24820
Stephanie Pittman,stephanie_pittman@gmail.com,1997-02-16 01:50:43,+93(310)-020-958-916,Female,37281
Stephen,stephen@gmail.com,2022-02-16 01:50:44.189722,+549(727)-753-052-919,Female,12364
Stephen,stephen@gmail.com,2022-02-16 01:50:44.189722,+280(289)-854-846-726,Female,3133
Stephen,stephen@gmail.com,2022-02-16 01:50:44.189722,+485(587)-495-093-098,Male,67593
Stephen Weimar,stephen_weimar@gmail.com,1997-02-16 01:50:43,+66(605)-916-624-189,Female,60388
Steve Buffington,steve_buffington@gmail.com,2005-02-16 01:50:43,+79(313)-071-227-503,Female,28726
Steven,steven@gmail.com,2022-02-16 01:50:44.189722,+995(721)-131-238-175,Female,77074
Steven,steven@gmail.com,2022-02-16 01:50:44.189722,+224(030)-479-294-232,Female,48471
Steven,steven@gmail.com,2022-02-16 01:50:44.189722,+451(063)-571-007-910,Female,7017
Steven,steven@gmail.com,2022-02-16 01:50:44.189722,+373(615)-391-554-710,Male,26727
Steven,steven@gmail.com,2022-02-16 01:50:44.189722,+922(513)-425-044-821,Male,99297
Steven Herbert,steven_herbert@gmail.com,2017-02-16 01:50:43,+45(975)-708-813-838,Male,8992
Steven Shaw,steven_shaw@gmail.com,1981-02-16 01:50:43,+4(481)-522-446-119,Female,98003
Summer Brown,summer_brown@gmail.com,2004-02-16 01:50:43,+98(411)-583-078-101,Male,51501
Susan,susan@gmail.com,2022-02-16 01:50:44.189722,+28(535)-068-557-649,Female,13656
Susan,susan@gmail.com,2022-02-16 01:50:44.189722,+940(153)-430-194-072,Female,80006
Susan,susan@gmail.com,2022-02-16 01:50:44.189722,+301(945)-546-505-746,Female,1186
Susan Mannon,susan_mannon@gmail.com,1996-02-16 01:50:43,+37(000)-121-461-096,Female,66882
Susan Petrie,susan_petrie@gmail.com,1988-02-16 01:50:43,+91(587)-944-983-845,Male,3504
Suzanne Diehl,suzanne_diehl@gmail.com,1984-02-16 01:50:43,+58(393)-882-085-237,Female,39788
Sylvester,sylvester@gmail.com,2022-02-16 01:50:44.189722,+166(098)-163-907-660,Male,35876
Tamika Darrigo,tamika_darrigo@gmail.com,2021-02-16 01:50:43,+55(591)-820-658-833,Female,21896
Tammi,tammi@gmail.com,2022-02-16 01:50:44.189722,+779(390)-384-684-539,Female,96298
Tammie,tammie@gmail.com,2022-02-16 01:50:44.189722,+169(016)-339-575-680,Female,1648
Tara Mannings,tara_mannings@gmail.com,2020-02-16 01:50:43,+90(133)-931-528-383,Male,11347
Tawana,tawana@gmail.com,2022-02-16 01:50:44.189722,+637(656)-744-456-492,Female,7272
Tawana,tawana@gmail.com,2022-02-16 01:50:44.190719,+482(923)-833-616-328,Female,75609
Taylor,taylor@gmail.com,2022-02-16 01:50:44.190719,+146(868)-644-722-669,Female,42400
Teresa,teresa@gmail.com,2022-02-16 01:50:44.190719,+763(029)-722-059-494,Female,8490
Teresa,teresa@gmail.com,2022-02-16 01:50:44.190719,+886(625)-609-048-339,Female,41725
Teresa Stone,teresa_stone@gmail.com,2009-02-16 01:50:43,+85(481)-533-922-897,Male,3950
Terri Cresswell,terri_cresswell@gmail.com,1982-02-16 01:50:43,+45(196)-027-804-871,Female,29764
Terry,terry@gmail.com,2022-02-16 01:50:44.190719,+969(764)-312-343-316,Male,77563
Thelma,thelma@gmail.com,2022-02-16 01:50:44.190719,+434(660)-010-001-364,Male,35404
Theodore Brennan,theodore_brennan@gmail.com,2003-02-16 01:50:43,+54(491)-399-477-715,Female,71598
Theresa,theresa@gmail.com,2022-02-16 01:50:44.190719,+155(905)-644-542-804,Male,36647
Theresa Sanders,theresa_sanders@gmail.com,2012-02-16 01:50:43,+89(093)-660-987-250,Female,22137
Thomas,thomas@gmail.com,2022-02-16 01:50:44.190719,+172(864)-764-937-341,Male,50236
Thomas,thomas@gmail.com,2022-02-16 01:50:44.190719,+847(522)-706-869-110,Female,10537
Thomas,thomas@gmail.com,2022-02-16 01:50:44.190719,+380(590)-011-243-477,Female,63238
Thomas,thomas@gmail.com,2022-02-16 01:50:44.190719,+777(646)-201-111-232,Female,75613
Thomas,thomas@gmail.com,2022-02-16 01:50:44.190719,+459(940)-867-701-425,Female,88513
Thomas,thomas@gmail.com,2022-02-16 01:50:44.190719,+635(408)-997-510-873,Male,41560
Thomas,thomas@gmail.com,2022-02-16 01:50:44.190719,+880(467)-330-593-378,Female,5324
Thomas Montgomery,thomas_montgomery@gmail.com,1999-02-16 01:50:43,+65(523)-789-884-873,Female,53797
Tiffany,tiffany@gmail.com,2022-02-16 01:50:44.190719,+339(494)-425-356-761,Female,85756
Tiffany Ring,tiffany_ring@gmail.com,2021-02-16 01:50:43,+40(555)-606-510-822,Female,98977
Tim Canter,tim_canter@gmail.com,1980-02-16 01:50:43,+31(856)-985-897-608,Female,46733
Timothy,timothy@gmail.com,2022-02-16 01:50:44.190719,+383(172)-172-708-456,Male,6843
Timothy,timothy@gmail.com,2022-02-16 01:50:44.190719,+214(084)-907-963-132,Female,47991
Tina Bailey,tina_bailey@gmail.com,2015-02-16 01:50:43,+32(968)-546-706-402,Female,38791
Todd,todd@gmail.com,2022-02-16 01:50:44.190719,+912(709)-416-630-932,Female,34045
Tommy,tommy@gmail.com,2022-02-16 01:50:44.190719,+869(264)-704-523-262,Female,21451
Tony Phelps,tony_phelps@gmail.com,1986-02-16 01:50:43,+63(762)-460-404-258,Female,27853
Travis Klein,travis_klein@gmail.com,2019-02-16 01:50:43,+29(328)-532-341-947,Female,24790
Travis Sloan,travis_sloan@gmail.com,1999-02-16 01:50:43,+96(797)-821-195-549,Female,95379
Trent Merchant,trent_merchant@gmail.com,2013-02-16 01:50:43,+5(543)-847-131-079,Male,77790
Trenton Cadena,trenton_cadena@gmail.com,1996-02-16 01:50:43,+1(609)-691-399-881,Female,8426
Trey,trey@gmail.com,2022-02-16 01:50:44.190719,+201(472)-791-634-911,Female,25188
Trinity Smith,trinity_smith@gmail.com,1992-02-16 01:50:43,+69(826)-986-268-527,Female,60207
Tyler,tyler@gmail.com,2022-02-16 01:50:44.190719,+731(808)-556-885-054,Female,58902
Tyler Teich,tyler_teich@gmail.com,2010-02-16 01:50:43,+35(743)-251-094-217,Female,93697
Ursula,ursula@gmail.com,2022-02-16 01:50:44.190719,+429(285)-367-299-126,Male,11866
Valery,valery@gmail.com,2022-02-16 01:50:44.190719,+244(083)-677-958-114,Female,66084
Vera Wing,vera_wing@gmail.com,2021-02-16 01:50:43,+39(169)-917-852-149,Male,96165
Vernice Rego,vernice_rego@gmail.com,2010-02-16 01:50:43,+46(978)-913-113-200,Female,45713
Veronica Taul,veronica_taul@gmail.com,1983-02-16 01:50:43,+8(095)-902-627-751,Male,84936
Veronika Hale,veronika_hale@gmail.com,2013-02-16 01:50:43,+17(017)-497-607-353,Male,96985
Victor Jandres,victor_jandres@gmail.com,2017-02-16 01:50:43,+88(423)-406-914-826,Female,45944
Vincent,vincent@gmail.com,2022-02-16 01:50:44.190719,+468(266)-967-389-177,Male,21186
Viola,viola@gmail.com,2022-02-16 01:50:44.190719,+349(562)-658-308-050,Female,15861
Viola Jones,viola_jones@gmail.com,2021-02-16 01:50:43,+74(765)-578-441-673,Female,99756
Virgil,virgil@gmail.com,2022-02-16 01:50:44.190719,+500(717)-332-215-834,Male,58812
Virgil,virgil@gmail.com,2022-02-16 01:50:44.190719,+959(283)-153-851-148,Male,95558
Virginia,virginia@gmail.com,2022-02-16 01:50:44.190719,+900(109)-947-109-193,Female,29730
Virginia,virginia@gmail.com,2022-02-16 01:50:44.190719,+625(398)-977-220-008,Female,95531
Virginia,virginia@gmail.com,2022-02-16 01:50:44.190719,+514(217)-922-126-346,Male,84540
Walter,walter@gmail.com,2022-02-16 01:50:44.190719,+314(003)-856-914-748,Female,59259
Walter Griffin,walter_griffin@gmail.com,1992-02-16 01:50:43,+5(589)-236-175-780,Male,94714
Wanda,wanda@gmail.com,2022-02-16 01:50:44.190719,+324(646)-752-163-204,Male,4020
Wanda Lheureux,wanda_lheureux@gmail.com,2001-02-16 01:50:43,+93(607)-916-812-093,Male,91299
Wayne,wayne@gmail.com,2022-02-16 01:50:44.190719,+231(305)-301-310-884,Female,28450
Wendell,wendell@gmail.com,2022-02-16 01:50:44.190719,+275(783)-521-500-899,Female,58318
Wendy Jimenez,wendy_jimenez@gmail.com,2016-02-16 01:50:43,+52(453)-691-315-914,Male,32035
Wesley Couch,wesley_couch@gmail.com,2017-02-16 01:50:43,+98(861)-208-477-883,Male,32168
Wilburn Nelson,wilburn_nelson@gmail.com,2001-02-16 01:50:43,+41(488)-807-690-428,Male,91544
Willard,willard@gmail.com,2022-02-16 01:50:44.190719,+7(511)-484-186-564,Male,11491
Willard,willard@gmail.com,2022-02-16 01:50:44.190719,+982(665)-922-564-878,Female,93816
William,william@gmail.com,2022-02-16 01:50:44.190719,+544(609)-125-565-030,Female,96175
William,william@gmail.com,2022-02-16 01:50:44.190719,+609(492)-696-111-855,Female,77960
William,william@gmail.com,2022-02-16 01:50:44.190719,+673(665)-472-439-299,Male,44696
William,william@gmail.com,2022-02-16 01:50:44.190719,+202(074)-977-972-156,Female,18421
William,william@gmail.com,2022-02-16 01:50:44.190719,+379(072)-813-703-312,Male,55310
William,william@gmail.com,2022-02-16 01:50:44.190719,+536(753)-097-623-698,Male,85999
William,william@gmail.com,2022-02-16 01:50:44.190719,+338(764)-423-037-907,Female,5046
William,william@gmail.com,2022-02-16 01:50:44.191717,+735(022)-385-833-315,Male,39032
William Behr,william_behr@gmail.com,1995-02-16 01:50:43,+71(179)-935-654-994,Female,43088
William Hicks,william_hicks@gmail.com,2018-02-16 01:50:43,+43(351)-995-264-113,Female,37588
William Justice,william_justice@gmail.com,2001-02-16 01:50:43,+60(466)-300-608-201,Female,5174
William Owsley,william_owsley@gmail.com,2011-02-16 01:50:43,+77(475)-910-012-869,Female,24949
William Smith,william_smith@gmail.com,2001-02-16 01:50:43,+84(538)-919-923-919,Female,79789
Willie,willie@gmail.com,2022-02-16 01:50:44.191717,+971(701)-033-912-890,Female,33778
Willie,willie@gmail.com,2022-02-16 01:50:44.191717,+45(679)-413-301-485,Female,36901
Willie Dover,willie_dover@gmail.com,2015-02-16 01:50:43,+39(491)-836-296-576,Male,34042
Willie Patry,willie_patry@gmail.com,2017-02-16 01:50:43,+67(765)-038-848-173,Female,21213
Wilma,wilma@gmail.com,2022-02-16 01:50:44.191717,+304(350)-397-635-082,Male,88934
Yolanda,yolanda@gmail.com,2022-02-16 01:50:44.191717,+870(014)-698-136-500,Female,40312
Yvonne,yvonne@gmail.com,2022-02-16 01:50:44.191717,+509(806)-040-679-318,Male,46815
